region,site_id,lat,lon,veg_cover_pct,ndvi,grass_biomass_kg_ha,bush_biomass_kg_ha,bush_encroachment,livestock_density_ha_lsu,carrying_capacity_ha_lsu,grazing_pressure,tenure
Hardap,SITE_0000,-17.347965726359785,19.734025108696628,45.60416667423469,0.28599564649738834,904.1512126319718,1150.2290960134117,Severe,21.197759500850147,18.12585302786367,Normal,commercial
Khomas,SITE_0001,-19.149597121555512,11.76318447248145,44.48341547791729,0.4512893274424208,651.6345933665012,718.2877975138967,Moderate,27.463338167018332,29.832808574150576,High,commercial
Oshikoto,SITE_0002,-17.474998937800635,14.093941318854714,19.988617004897165,0.40868280068422247,885.5573415023073,2298.6536358068515,Moderate,41.028800683079496,19.53531651566746,Normal,commercial
Erongo,SITE_0003,-24.821027732263108,11.154556684308677,12.876884042006175,0.6343565689583881,427.7629104659739,4135.758997170597,Moderate,9.499259864503363,28.85951536763646,High,commercial
Ohangwena,SITE_0004,-25.242935754610514,18.562934011601783,64.82069681811342,0.2899494699196067,1937.8653946340305,1983.8496006958271,Moderate,29.694790408704524,38.68106917024515,High,conservancy
Karas,SITE_0005,-22.142598708392008,18.5865036826717,66.01186808651089,0.6657119499892593,501.6403971736084,3209.683729414203,Low,47.41617753438993,22.576954744442542,Normal,conservancy
Hardap,SITE_0006,-22.939179378229568,19.223468518603248,71.92671252131873,0.3395120453107362,510.455451156589,1397.1350535778827,Moderate,41.314882213009064,16.572901711483887,Normal,commercial
Karas,SITE_0007,-18.190212277539132,18.350403737219246,19.23615344623213,0.21440102761424268,1289.6412406468098,4304.630202073383,Severe,5.0933735633274315,27.575850932751447,High,commercial
Omaheke,SITE_0008,-25.480052039338315,16.68710247588134,64.25621462591508,0.5046593962073599,1811.6858023795792,3546.0798241462076,Severe,29.62227948028238,17.09076967704568,Normal,communal
Omusati,SITE_0009,-20.45417877492465,11.465540012448196,73.61562103977184,0.22211165644953068,739.0874507705096,2760.211389572783,Low,26.90860084763237,41.65923642569397,High,commercial
Erongo,SITE_0010,-26.481898736609967,16.1090113017681,14.15839469323149,0.1744593935135963,584.8917120739061,1425.5276659071787,Moderate,30.219259733599227,37.76954661778984,High,conservancy
Karas,SITE_0011,-21.434336894650748,14.392490596548063,70.55188764171398,0.24774372731039565,373.0604670739058,4122.1920462311855,High,48.44900313746294,13.650866071095932,Normal,communal
Kunene,SITE_0012,-27.60858835073605,15.007267334961046,10.900234964793743,0.12519457914433949,231.77556340574154,3464.7818602761113,High,34.52316167886471,32.069301262319925,Normal,conservancy
Oshikoto,SITE_0013,-20.416749592539407,15.63468221045109,11.325692697384476,0.19205506866097705,852.6230478985293,837.2408957495782,Moderate,37.74036763279851,15.685791254774667,Normal,commercial
Erongo,SITE_0014,-27.372322130022145,11.706650264122029,30.019840213087505,0.6682101655280642,1219.0095411255768,4893.6437844061265,Moderate,7.578983284092816,17.734588017921965,High,commercial
Omusati,SITE_0015,-24.940716511084176,20.608659499405956,54.65006407145061,0.39063404530541723,1424.5223298182648,1147.6936698583293,Moderate,28.369780476731407,19.159058879731724,Normal,conservancy
Oshikoto,SITE_0016,-24.534663303536007,13.841233611159405,73.97424373362874,0.2830966357171566,320.7929847875718,2421.562271054408,Low,17.538996839037033,33.57572545033061,High,communal
Karas,SITE_0017,-25.431074286739182,18.15816821931395,75.79159700887519,0.10964775050561444,700.8940959751868,1008.7251472747953,High,43.32805486955523,25.78560769025504,Normal,commercial
Erongo,SITE_0018,-25.35433613746882,17.882496564499746,16.385264251447982,0.34787513552408067,1643.7106173464242,1136.0144988283637,Severe,32.624110695322194,43.63561609337064,High,commercial
Zambezi,SITE_0019,-22.37493537476199,17.722858034927427,63.70060672328799,0.6059025151928922,863.137731271153,2670.1253754657164,High,8.34778534785638,24.756244505287675,High,conservancy
Omaheke,SITE_0020,-18.43735275255377,11.683074021339769,36.36463283444275,0.6415966532892916,422.45110620896503,1810.8766139944532,Severe,35.28426599886181,24.240587859157735,Normal,commercial
Omusati,SITE_0021,-19.305193671755156,16.13758563987544,28.885711268635582,0.3298297678191516,314.76631747278475,941.1934132325068,Severe,9.057069553559296,12.722105318823573,High,commercial
Omaheke,SITE_0022,-21.298943187828513,18.570453063680382,32.25926314067664,0.32731586012156944,1068.8149857230064,1865.211040220777,Moderate,49.8908620730665,41.100229186119215,Normal,conservancy
Kavango West,SITE_0023,-19.29515396687117,11.464379090339452,62.45902508455331,0.5362242813999109,1474.2873609283365,1369.2995705006444,Low,20.970224616903216,26.948769953027647,High,conservancy
Omusati,SITE_0024,-24.479060680354696,20.65390565127307,13.810898031208621,0.6620294611266715,1962.5459904232866,2817.9571815353966,Low,19.123921238618628,31.17191788601157,High,commercial
Erongo,SITE_0025,-22.458112599606153,20.877808592836885,24.090162805752392,0.618610808025145,321.82748579858503,1482.0895359186143,Moderate,12.184530613604931,25.595817112733684,High,conservancy
Oshana,SITE_0026,-19.83213394167944,17.970497587131394,21.07434224435442,0.6656537996313642,252.40338705642645,4625.260174341802,Moderate,35.7420667153918,27.700383238709875,Normal,communal
Erongo,SITE_0027,-19.87373942172001,15.971874164240324,21.48985377190677,0.10078781200940408,472.89180677900123,3207.257892069346,High,41.57702302113161,12.072834776727307,Normal,communal
Omaheke,SITE_0028,-21.570938394292384,12.591594710117905,57.66067552521478,0.15518580105955332,1283.6757034391633,4843.917588769568,Moderate,8.135302078166866,44.5197346015081,High,communal
Kavango West,SITE_0029,-17.33401849042002,20.685913823239247,43.539062587462254,0.43224192138751616,199.72165961196856,4332.577588910528,Severe,32.649298778268104,15.318930034165383,Normal,communal
Hardap,SITE_0030,-26.31475158659099,14.586896677055025,78.94242955039945,0.570144508318951,1090.0888326665195,690.1968796031261,High,34.63175369603468,11.012503934983046,Normal,commercial
Ohangwena,SITE_0031,-18.160563466113658,12.023905803889582,23.923749523565547,0.592644008742141,1568.927189621726,2543.855195161841,Moderate,45.10631125553329,12.513031029247788,Normal,conservancy
Oshana,SITE_0032,-17.381977180335536,13.247899996374846,28.46844691174052,0.13228502937523545,141.97695552567825,1476.1622664987808,High,31.72007302682579,15.640106037178596,Normal,commercial
Oshikoto,SITE_0033,-23.26305364020013,11.812974476067495,28.028385121958195,0.5417969072839102,1353.871568107272,1937.012295240312,Severe,26.736675738024033,43.09850935850587,High,communal
Omaheke,SITE_0034,-21.24337630571681,14.767152044147934,75.4320790580037,0.5733194474490949,129.51555745268544,4283.089525058118,Moderate,18.03973275960104,26.461166016965556,High,communal
Omusati,SITE_0035,-24.35651805103301,16.341003291087393,40.63373595974155,0.6964844484348588,417.6442539011944,588.1652428816109,Moderate,49.99943459295936,10.807937841808991,Normal,commercial
Kavango East,SITE_0036,-24.189446461934537,18.77754108168048,46.654466276643966,0.6520930885451166,621.3991105943503,3595.112027873512,Moderate,40.62012298460786,21.149454570654704,Normal,conservancy
Kunene,SITE_0037,-24.08754318425512,20.15068780412509,15.65779629931182,0.23352835386932444,1664.0059195186848,2680.528932783347,High,38.45213274440237,29.677799891898,Normal,communal
Ohangwena,SITE_0038,-22.618556581165258,11.083042199895061,26.69973864763201,0.1838074442596796,1261.99666831358,1819.2239593441404,Low,29.863548455933657,20.13416102157523,Normal,conservancy
Erongo,SITE_0039,-21.201547144257212,16.582242646029176,25.97002720157157,0.5038866034237289,371.98925783918236,1647.2633207910421,Severe,7.416276972677778,18.181525112864158,High,communal
Omusati,SITE_0040,-21.097841948577035,17.39396379863609,20.28082202824308,0.6852344208677335,787.7782737593174,1633.0848762162768,Moderate,39.72895351457929,27.852049590770136,Normal,communal
Kunene,SITE_0041,-24.14354893258683,13.908190422039379,41.33984231492508,0.5674487164553949,1299.9119101233428,1613.1418421862058,Moderate,24.466245376897195,14.68744489317142,Normal,communal
Oshana,SITE_0042,-20.81803356461476,19.033548581897794,59.624641182105975,0.4426834584669279,1735.7662325722558,3935.208084752862,High,13.348490187712795,33.52111018100564,High,communal
Erongo,SITE_0043,-21.499533043197573,18.170101779802334,68.77431889902567,0.19882839477707398,984.9705912779632,3802.409891946085,Low,38.961861721745215,21.653019154758056,Normal,commercial
Otjozondjupa,SITE_0044,-26.614909128708838,19.15081455276028,50.460832518841954,0.48760138083589966,1730.2425047807499,624.3351468487468,Low,6.75639918797322,10.587613799632894,High,conservancy
Zambezi,SITE_0045,-24.200423915282755,19.638812177505642,43.12890809680341,0.19744537671720608,136.76485717866788,1494.5025241344713,Moderate,24.922810040144245,31.892046331041954,High,commercial
Omaheke,SITE_0046,-18.165810135513986,19.965659655616136,60.955688000268985,0.4861011648307304,1585.9960466166362,4732.628282284263,Moderate,24.277993200058102,25.52460020901551,High,communal
Karas,SITE_0047,-17.165824453859557,11.262127679471893,70.13170548730852,0.36511893924386307,345.3560868378965,1297.5380263091834,Severe,35.41925976165254,16.76580615385132,Normal,commercial
Oshana,SITE_0048,-21.15649677679716,12.110550302113039,35.134844333160515,0.22682085487998835,1655.6880625189783,1095.5244082848146,Moderate,28.703165737515793,41.738237859118726,High,communal
Omaheke,SITE_0049,-17.344903536920178,18.468354349618593,10.496595102785871,0.3582900354613968,902.7753068628613,4078.456959638706,Severe,41.73063813259885,16.99284292250657,Normal,communal
Omusati,SITE_0050,-19.735716245393533,14.063596500159168,65.97695128798976,0.280845838489119,663.3709460168101,1887.4332968042736,Severe,46.82652595196601,24.377977966356106,Normal,commercial
Ohangwena,SITE_0051,-25.799311761568454,13.595824127244608,68.78457343944085,0.3820519858784115,760.7775160271234,3518.6567767452034,Severe,6.997475944046117,34.55072485551977,High,commercial
Omaheke,SITE_0052,-23.76872659075049,14.430904456222802,38.76027726467976,0.469147077748456,1314.5401040567217,4499.709564804762,High,41.968530748286156,36.83466645955393,Normal,conservancy
Kavango West,SITE_0053,-25.136837561492804,18.936454383430068,45.065233374452454,0.2965597412526953,1401.704985893323,2645.9631608524505,Low,22.784015479499466,24.557167634922223,High,conservancy
Oshana,SITE_0054,-19.62378914579491,18.398701668164783,45.28868264217495,0.11537292921711578,1788.154269996062,930.5587652040484,Moderate,36.61555120185698,34.956179078736994,Normal,communal
Omusati,SITE_0055,-23.2531258927952,17.660109626094435,32.15039353116388,0.4243527378180755,247.12688259616849,3186.0727870110827,High,32.97789674984898,12.212640300778581,Normal,conservancy
Kunene,SITE_0056,-26.847158189558748,15.860419766363977,30.396365488037674,0.5601634634254905,903.1930550396232,2237.944131869208,Low,13.952314679817082,24.882136971318552,High,commercial
Oshana,SITE_0057,-24.008017464068196,16.655532455960323,15.337256554612294,0.6460585477897315,192.84066589137575,2243.8156013654598,Moderate,28.316569127960058,43.33698770019196,High,conservancy
Oshana,SITE_0058,-17.687201653366497,15.820990830971292,12.165814818388188,0.6369742601811624,1984.0271083367281,1018.2514867236341,Low,28.62126460296953,40.79617770799217,High,commercial
Kavango West,SITE_0059,-22.547781734018187,14.993033283077583,26.069922802832966,0.6035885151981051,115.79984073509567,567.713625478915,Low,7.255357966763151,18.569437140184043,High,commercial
Omaheke,SITE_0060,-20.600919618498143,14.96341019795293,29.847698900438406,0.2070818844247747,271.1531297403501,4867.760243316735,Moderate,11.15924570687686,35.803620184940556,High,communal
Karas,SITE_0061,-23.973585882149827,14.992250629231796,47.02260631597223,0.3499500431029614,1940.740664650388,566.0287511277313,Moderate,37.64849943956449,22.42816799712055,Normal,commercial
Omusati,SITE_0062,-23.87097333518654,20.81906480981763,77.03768713522754,0.529049775448054,1585.3172376649557,1687.5069876145933,High,34.65503672460018,37.074050065250624,High,commercial
Kunene,SITE_0063,-17.07806728615862,18.55508905465166,37.105251264713445,0.4634931460216507,238.45202824872476,2449.2729250495363,Moderate,43.98510638090892,21.257617698525696,Normal,communal
Oshana,SITE_0064,-19.08704783392484,19.443382989995712,47.74314563400609,0.6248403811905363,1104.3327738999428,869.3451314354077,Low,47.632135915356024,10.453291271858753,Normal,conservancy
Oshikoto,SITE_0065,-27.698349942009692,19.498725195124578,68.68176038858178,0.4560801884891964,1324.6637606224706,1017.7138939206347,Low,17.19575074678756,34.643921807968184,High,commercial
Kunene,SITE_0066,-27.846728895013715,16.474671445559608,76.9031225018447,0.14020760627859227,1096.4898848080495,3587.8171924793733,High,8.423380514238561,40.90511177689996,High,communal
Omaheke,SITE_0067,-19.889953214705557,15.751455767451008,68.07854419062883,0.4288464961248457,1944.8900546553127,3581.161594557566,Severe,20.859781901252255,27.011460074500867,High,communal
Omusati,SITE_0068,-25.42345022969454,15.627018238312584,11.571486787451358,0.2572674977599818,1994.262877642936,990.1630305741903,Moderate,16.946246375881135,10.662851862854355,Normal,commercial
Otjozondjupa,SITE_0069,-18.136918370227143,17.205807458992226,20.229849267362624,0.6378714948680642,1209.6042163975985,2439.5596225278314,Low,44.365608246473364,20.25873765745571,Normal,commercial
Kavango East,SITE_0070,-27.51959335744611,15.671241375051402,64.68571373570792,0.19698941704692596,1568.320204825448,2718.6072200108933,Moderate,41.720213875410266,32.38803541289676,Normal,conservancy
Omaheke,SITE_0071,-17.9806884105738,14.936597467801569,27.954278422880662,0.5718396937823517,1854.6329163123644,770.0489014045545,Low,9.116166203198116,22.96282210899598,High,communal
Hardap,SITE_0072,-19.10416354966945,15.236666805021073,11.450277835928556,0.5676579757904644,1191.5924803236637,716.2660333879481,High,27.3519820322349,36.58868962117917,High,communal
Oshana,SITE_0073,-26.074113298224095,20.7898296865217,36.23979139305481,0.18741661614606578,1528.329073243255,2818.3500203185945,Moderate,29.61112857234466,39.45603044237971,High,communal
Oshana,SITE_0074,-17.60963399051615,17.035240226362884,66.08960132319783,0.2146094138530575,219.59013828630626,635.8017889179861,High,22.79954367644314,29.181284839217163,High,conservancy
Omaheke,SITE_0075,-19.14813150621788,20.665510760219362,24.187833542170374,0.5786949695720355,651.8451400270225,1065.1425941892637,Low,15.657237007032013,39.23586551266503,High,communal
Khomas,SITE_0076,-17.61553094781705,18.20207599174114,16.680595864075507,0.6238060289617966,407.1843462873688,2399.715860676757,Severe,24.410186492750572,16.866014135392742,Normal,conservancy
Omusati,SITE_0077,-18.447233258933636,16.54155344803734,25.108194346589826,0.2930356144925431,1742.4340180763884,4239.78755024293,Moderate,22.617542260642065,19.439168807901886,Normal,conservancy
Erongo,SITE_0078,-26.674264642340592,19.731446061481698,68.52321510368131,0.6768835025435261,1044.1986113227326,1163.7217537020288,Severe,34.073812739188675,13.285497903381762,Normal,commercial
Oshikoto,SITE_0079,-18.742177417664283,16.45044725130574,73.39538538611856,0.33044545867911734,827.334250912802,2415.335797535856,Severe,16.888989661928107,26.56940230058347,High,commercial
Omaheke,SITE_0080,-23.611551987587625,12.259039627253468,27.003368767868622,0.1138094567927511,541.2028202188899,4923.894428277291,Low,22.53163242187221,37.81506841136739,High,commercial
Zambezi,SITE_0081,-17.75827703809375,17.858116226119186,33.85186609309922,0.2398557954632387,460.70336181675935,4394.447258577527,High,21.000867382373105,36.30110022813302,High,conservancy
Ohangwena,SITE_0082,-27.92978834041422,11.585278029093132,33.140754626205734,0.3950556192466268,1613.308690861013,845.7083819746349,Severe,26.355113195066377,41.4917691256678,High,conservancy
Ohangwena,SITE_0083,-19.47989827309877,14.334791447321361,61.793183418707805,0.2290568276074392,1752.2543125294508,4172.859066598041,Low,18.033157930485345,20.367187108587075,High,commercial
Omusati,SITE_0084,-27.710847567812074,17.14657393935663,58.962812063139665,0.292982417103422,1255.9440951537345,3261.009572404434,Low,35.211725713968335,29.077949739274892,Normal,communal
Kunene,SITE_0085,-18.05258447822674,19.101877686514555,61.07821410465105,0.4059672151886988,1622.1191017237659,898.0145908673724,Moderate,35.431200207107665,44.27644855658494,High,commercial
Omusati,SITE_0086,-19.15863692064964,12.156773676054772,79.71554509524125,0.34912284022636875,1157.321340678047,1303.70689769285,Severe,9.371231044520798,25.244552086392762,High,communal
Omaheke,SITE_0087,-27.220739214275355,15.667416710811645,79.79564191827012,0.42882318762474103,202.34095960064025,4820.1180062377725,Moderate,19.814043419799418,27.06359677103019,High,communal
Oshana,SITE_0088,-18.379362594188745,14.681233585917623,59.453718249429485,0.47058617838603634,877.107585264733,2114.058887923293,High,15.456918020422519,40.831114966912345,High,communal
Kavango West,SITE_0089,-23.604558304097765,11.626122776634281,71.57503739664021,0.551988873715937,921.493622072584,3836.4013938069747,High,43.19419223993985,15.844929950785033,Normal,commercial
Karas,SITE_0090,-17.110444093353806,20.01552601507494,71.9899154664558,0.4296569356887969,946.70785972809,1533.6738084355745,High,15.160628580461156,29.25419461285659,High,conservancy
Omusati,SITE_0091,-17.143575989733243,16.405200309930933,59.52060201253898,0.1864544288981066,1003.3012089501367,1085.781919681559,Severe,8.841655739036987,10.653146554077138,High,commercial
Hardap,SITE_0092,-22.263924525308358,20.893900085199853,72.10741825534586,0.3596676630235631,273.86967753257665,4943.2514318329695,Severe,31.960035613609058,40.51371895470197,High,communal
Zambezi,SITE_0093,-23.959518666367583,20.34283275049234,57.030453591522615,0.2516249435091849,1300.1361558504911,3572.446508255602,Severe,38.26289120351001,44.11085613401335,High,communal
Omaheke,SITE_0094,-20.566578486666142,13.872379313840025,31.111389770221017,0.6323149671130415,1187.3826859925618,1724.9710650624372,Moderate,28.41869299593429,26.33771159258813,Normal,conservancy
Oshana,SITE_0095,-27.886070740662092,13.73952680083606,13.71006180654804,0.38375450730264216,1457.7523531231177,3939.2895790713915,High,5.923397701551413,34.295774815022824,High,communal
Kunene,SITE_0096,-19.040981199769085,18.219751514844656,63.76853696688471,0.47456095289226286,591.9778766165114,4753.125058062638,Low,9.605916635962775,27.896034819361425,High,communal
Omaheke,SITE_0097,-25.671773623189107,20.75278177918163,59.415140278177546,0.32009723139152924,1893.9707090697023,2947.1338172796627,Low,32.13018336346683,38.3621035091146,High,commercial
Erongo,SITE_0098,-19.01803593498787,11.302381368388797,10.660035694548057,0.17533995570450783,1755.1757066907603,1477.937836434552,Severe,28.251254216478976,40.06938187693875,High,communal
Kavango West,SITE_0099,-23.527616697171116,20.440495793983743,34.07287609233755,0.32388439448711587,1297.8218704342398,533.9660324783175,Severe,23.69616950521254,34.12606375305353,High,commercial
Otjozondjupa,SITE_0100,-26.41009096264662,13.55549687658474,65.81921206237173,0.23363956556158183,1101.274881016918,1983.05338319824,Low,49.016792952779916,33.110316953497986,Normal,commercial
Kavango East,SITE_0101,-20.601459529143952,19.23448138918262,21.511923444806555,0.1418434679879638,1719.0698718155977,4735.220016523348,Low,23.118208245040886,16.845372950435575,Normal,conservancy
Ohangwena,SITE_0102,-23.357250817648385,18.742950620378295,76.07362643349101,0.5994402313489555,657.0331963596601,3752.1007935539283,Low,35.03242692726061,22.005623513211887,Normal,conservancy
Zambezi,SITE_0103,-23.836086206173796,19.25179327029126,15.125194506775278,0.24101118184443857,865.0975043001258,3076.9055550958196,Severe,22.286783104856454,14.579077824301052,Normal,communal
Hardap,SITE_0104,-19.79817229041535,12.233319781889959,41.82536496107119,0.2225915613117032,435.0470804200746,4327.492477684018,Low,48.249114363355844,27.589629559202724,Normal,commercial
Kunene,SITE_0105,-21.11122170748797,15.890737012210483,15.731350137485519,0.6806639159757497,924.6077560871838,1944.6814142161866,Low,39.29406439436882,37.001714535470995,Normal,commercial
Omusati,SITE_0106,-19.266563226144374,11.589507008645061,22.708227170360605,0.6388795038461871,1535.3307816657064,2121.5751122263805,Severe,12.190076052758162,18.701327643352197,High,conservancy
Kunene,SITE_0107,-25.5111486601021,18.06868046452338,67.44340067435327,0.6898148769077798,173.48263992875167,1045.9792679415748,Severe,42.20254010487936,14.031598345459916,Normal,communal
Zambezi,SITE_0108,-27.18710569322282,15.229609042015692,51.267744026852505,0.4687744375217582,1845.4956775862606,3248.4649301197855,Low,24.135204328714796,21.721272829887514,Normal,conservancy
Ohangwena,SITE_0109,-19.687784140468448,15.483946511494638,12.624411774424388,0.2822166088371774,1247.6211608059261,2356.62081542762,Moderate,21.487614345337832,29.845979101209515,High,conservancy
Kavango East,SITE_0110,-24.26101970491439,17.38122407267433,54.45487699835565,0.2487245216163972,836.2927331712086,723.5013736591858,Severe,43.6673826577377,15.824013196981095,Normal,conservancy
Ohangwena,SITE_0111,-24.183080260475368,17.20588648637008,62.1226482725911,0.11886042866255864,626.7707581116366,3294.7511762934414,High,18.308446733514185,14.381305712536086,Normal,commercial
Khomas,SITE_0112,-26.50016158992786,14.488880536568761,20.965810065666595,0.6782640434786609,1390.1949183885283,990.6849695454443,Severe,29.89436792311458,14.393291171894965,Normal,communal
Hardap,SITE_0113,-17.472086051378835,18.093700143265103,34.43566217999672,0.36499491637165915,477.44190883463784,2042.5053770483414,Severe,16.025656942026632,44.0009274753958,High,conservancy
Oshikoto,SITE_0114,-23.856755282822988,18.077453207835926,35.78276625305138,0.5656867944503359,1583.4139495287322,4338.023110255468,Low,38.57527038285752,33.220910336913335,Normal,communal
Kunene,SITE_0115,-20.400475126194703,20.13040592532108,63.67258184212882,0.5937545770279873,1188.322380494592,752.0682526771537,Severe,27.717607011114385,27.480500208905475,Normal,conservancy
Karas,SITE_0116,-25.439631180624573,14.963797450550272,29.41753582173343,0.29508054135120854,1805.4757478022395,3288.9065948532198,Severe,17.87215905955376,18.539203629340783,High,communal
Oshana,SITE_0117,-26.928237882680566,19.008788018143555,22.0425799960833,0.33569430008098156,250.3302999443214,3962.4880435055666,Severe,17.99795370240458,15.586790492443072,Normal,conservancy
Omaheke,SITE_0118,-25.370738736218303,11.270225691944082,46.96353974145947,0.5111532513966337,617.064231878541,3855.654608931816,Severe,38.85063382304416,33.88267979420644,Normal,conservancy
Oshikoto,SITE_0119,-24.83375673790451,20.344767446419638,32.388756976352994,0.2952468104667382,1920.8099357514695,4157.188986726862,Moderate,45.922751629686445,44.39193852385081,Normal,commercial
Kavango West,SITE_0120,-26.41126575621535,19.981424327528003,40.80223423615155,0.38400786865169023,1317.0943952506404,3144.7304124050925,Moderate,33.13480902185453,12.451328390865811,Normal,communal
Hardap,SITE_0121,-19.706878164915103,16.64566737736022,15.41181065260658,0.4640475473642621,1778.3465979385392,3520.638255944296,Moderate,5.517225029084131,13.376527484178492,High,conservancy
Kunene,SITE_0122,-26.219976774613514,11.20707089920009,16.176789743493845,0.6010836616080534,1224.1296087413637,752.6116214953727,Low,49.9611694355952,23.001773218299945,Normal,conservancy
Kunene,SITE_0123,-22.445061142628788,11.507210338644535,37.42791148224507,0.36462650193056956,535.4192472078391,4197.7537557226715,Low,42.85619465862826,30.647429169065862,Normal,conservancy
Otjozondjupa,SITE_0124,-20.33711865531075,14.339786483478168,78.51928470814164,0.13574111873751668,352.09470552333016,636.1905590286478,High,37.290422768291975,26.230966775972995,Normal,commercial
Ohangwena,SITE_0125,-26.828173852372743,12.620865382999842,57.6286770488556,0.6599107003238579,978.5970276164938,1906.0936440463252,Low,5.625776415053647,20.39434715104953,High,commercial
Otjozondjupa,SITE_0126,-25.720881416375207,16.690503948048924,10.77675636960852,0.4797817344482498,1300.7334651793783,3468.4048828680657,High,46.44970445721686,20.417326189741324,Normal,communal
Kavango West,SITE_0127,-27.88391183402275,13.53052292744572,24.059124643863502,0.6398148930227636,1444.6610216958898,4951.774592902178,High,13.165103018780549,10.857828190034787,Normal,communal
Oshana,SITE_0128,-24.221626081838643,12.790405914264094,77.80701383893842,0.27040233025873345,1746.619385829634,4271.247932730733,Severe,38.745317613876274,43.64416852465708,High,communal
Otjozondjupa,SITE_0129,-26.236824653719864,11.12578325065996,28.501642752130603,0.49339586878273034,1945.5447735586183,3860.749948508286,High,49.55111558116871,44.80529086020826,Normal,conservancy
Karas,SITE_0130,-18.160134788585466,19.01120048279345,34.95651267074915,0.4064742801235941,880.9564913308652,4718.084666501686,Severe,39.402674044165934,44.30636993146088,High,communal
Zambezi,SITE_0131,-27.280592187637023,16.21055231814408,15.019498635973804,0.5005842401731931,825.883740454212,1235.7192177064549,Severe,13.440938128405316,27.438616742450332,High,conservancy
Kunene,SITE_0132,-26.964673094037746,17.277932777884,55.94021666003581,0.35977121302204995,1810.2219397055574,4099.378437491014,Severe,36.17400220883113,16.7518151178829,Normal,conservancy
Khomas,SITE_0133,-22.658582103009046,13.294857930456908,41.11054351224492,0.6440679998596828,1272.5396795774063,1581.225419281552,Severe,5.083634278433655,36.306347758786416,High,conservancy
Ohangwena,SITE_0134,-18.603382815482533,17.62246327647695,20.38465546936989,0.4021966081827636,1296.3271372405206,1895.9949507898598,Severe,46.008571456124045,43.24187975285835,Normal,commercial
Otjozondjupa,SITE_0135,-23.312226195993073,19.731324804856246,11.687450048569875,0.24423319309365632,1771.8644572959558,3912.2946773493563,High,33.57185693709637,12.377970316458846,Normal,communal
Karas,SITE_0136,-27.117530702663213,14.350788411662757,42.216083665581436,0.17213926133152926,839.885432604649,1890.0838169551705,Moderate,34.170677546424756,23.877934112176572,Normal,communal
Kavango East,SITE_0137,-23.19098361231872,17.31130761877427,74.97819972572462,0.38129010958982357,409.42496361659624,754.6359741906656,Low,14.201565848791589,14.672001448070448,High,commercial
Hardap,SITE_0138,-24.30037084191607,20.393695681816396,49.53752072615176,0.24372514005187776,713.2346837701049,1461.1857909053517,Severe,7.14231056483275,33.82520060553034,High,commercial
Erongo,SITE_0139,-17.640469077950513,13.06759328242603,75.82371708973263,0.23564812932300513,445.898867061833,1150.3311550396168,Moderate,36.13456453241119,31.38993249062468,Normal,conservancy
Omaheke,SITE_0140,-26.070118292184144,20.02588628690126,48.155787334836276,0.3231016756814634,839.7939050157574,2175.179503376172,Moderate,17.996020819946857,15.204195496682296,Normal,communal
Hardap,SITE_0141,-19.914663323980328,14.132755175829075,18.01958656567399,0.15430842931214098,1170.7803439961403,2592.6411422715623,Severe,26.38783704176947,23.652542866080243,Normal,commercial
Otjozondjupa,SITE_0142,-24.564392568761207,18.919108641787062,41.55885198034646,0.11148676111883167,1634.027082616449,1263.885729634554,Moderate,5.432411833708898,20.923322284032515,High,communal
Erongo,SITE_0143,-27.604431182311025,18.03886284206061,56.607675637744386,0.25533580763763564,418.7868097214637,639.0957025790169,Moderate,34.997713013270406,22.233242785497318,Normal,conservancy
Erongo,SITE_0144,-25.023877111640605,19.47016732103461,74.49245853740857,0.1948402130861404,1967.273572123008,2065.9434011548665,High,23.579376589104093,23.670772436079556,High,commercial
Oshana,SITE_0145,-27.448236437804365,14.893096059911539,40.20380475889384,0.5572549039993483,1353.9145962394507,508.53671267530353,Severe,41.31632593292278,13.142462755172275,Normal,commercial
Hardap,SITE_0146,-20.88659967279503,16.010344812968516,46.45082115470967,0.36168499944680654,1759.3456628706554,1054.8339305542218,Severe,47.08822172648882,10.901306442770451,Normal,conservancy
Oshikoto,SITE_0147,-27.51567844999569,14.099273055920852,76.68526139293199,0.6824430788194509,1143.2206359010986,4606.540257301479,High,13.30222398290457,16.245383877968028,High,commercial
Omusati,SITE_0148,-17.511103191424745,19.506820054928845,46.30963342401989,0.48576483354852973,329.33046293193604,2550.8429256354207,High,38.548746256135004,30.34173643248724,Normal,communal
Kavango East,SITE_0149,-20.903686352958154,13.83548685650688,59.883337099077565,0.19556226667893267,1510.7171674136337,1434.477372744001,Low,47.430893811534965,20.279851965884774,Normal,conservancy
Ohangwena,SITE_0150,-25.464533374471134,13.796817530207495,54.649245548620485,0.34844165876566313,944.662678266215,925.325113913168,High,48.13794768640737,44.08674995205695,Normal,conservancy
Kavango West,SITE_0151,-17.781748115765414,13.309928173658541,47.327889535266735,0.574512134993817,166.76139606310872,4918.411281484617,Moderate,24.346935288746252,40.50433322657403,High,commercial
Zambezi,SITE_0152,-24.8030394705545,15.849434129984388,48.45748778194435,0.3438096848835661,479.34694484580257,4775.428000064175,Severe,46.91736849161142,30.06186897393617,Normal,commercial
Khomas,SITE_0153,-22.728185431245308,19.083960898979395,66.39796262071945,0.674100097366101,1961.162860151653,2964.7427077342536,Low,49.549231738759,19.308558156570037,Normal,conservancy
Kavango West,SITE_0154,-26.406360689200916,11.636248651889247,63.07533236970961,0.5920511078099597,1109.7282631363103,1454.1422962874794,Low,41.438925955712946,39.48070527180744,Normal,communal
Karas,SITE_0155,-18.694439404295014,11.719763898775826,70.8921134228942,0.5294187390670244,1563.2358162315793,2181.9231071596864,High,43.24200616898872,18.18272824330154,Normal,conservancy
Erongo,SITE_0156,-21.37148302771113,19.23965329944457,11.187734197674567,0.5038074034917629,1586.3293425917823,4327.3193399159445,Severe,39.042285342161,22.522218546420405,Normal,commercial
Oshana,SITE_0157,-25.567152725125254,12.82757158831793,43.05130923533705,0.10265299635342702,763.1367874751626,4264.746599304661,High,48.28649614677047,10.314410642631419,Normal,commercial
Ohangwena,SITE_0158,-20.57148539870818,16.620935063647824,68.90034539097371,0.1180564927334028,1542.5702063067415,4374.995489264489,Moderate,48.722042367297185,43.133650890044564,Normal,commercial
Khomas,SITE_0159,-23.076524199828658,11.262230148543535,41.59163289698281,0.681523066468893,1804.371790350985,3388.694576041345,Moderate,40.927604553196424,13.529168611346782,Normal,communal
Kunene,SITE_0160,-23.638664319123514,15.145282653101528,48.60790166374507,0.1442953553840215,986.8157234315512,2884.838121710275,Moderate,15.63823826958464,10.7046803894252,Normal,commercial
Otjozondjupa,SITE_0161,-23.363370031297002,15.90517176341292,42.92410606930782,0.6247426960853715,923.6534747114237,3053.7974926968973,Severe,45.72970212537026,26.825578313742692,Normal,commercial
Otjozondjupa,SITE_0162,-26.342485175762782,12.525543745838942,29.994611325427407,0.2127295342290429,368.76173998781496,4346.402396995103,High,15.634547507282837,19.921681489889096,High,conservancy
Omusati,SITE_0163,-17.304414436740622,11.990378874685856,67.21957881425988,0.20799411027189874,563.9212863319908,1781.5684610874257,Low,28.622818569370917,22.845893532223023,Normal,communal
Hardap,SITE_0164,-23.986478520595476,18.562009079261117,44.25350378979341,0.14607140884618702,192.28820435641273,4498.831116193331,Low,7.296607768966598,17.693078301798145,High,communal
Kavango West,SITE_0165,-26.299291289792215,15.487481802760655,31.311911481515555,0.3866352791326969,1084.7137982792647,2507.795829597097,Moderate,29.93499743610457,23.933781509298896,Normal,communal
Ohangwena,SITE_0166,-24.715087572769292,17.179507084576876,25.413335140234032,0.4795022815968134,720.3497780000214,2382.586078720865,High,24.818639060751437,31.72208019337174,High,communal
Oshikoto,SITE_0167,-24.602555678105343,11.274874153268716,74.66927227421527,0.5429611954408834,1770.636780903153,1734.3136877884108,Severe,7.193074604805037,25.211168995103122,High,commercial
Zambezi,SITE_0168,-24.76157409972151,15.551868787986786,62.28473947185502,0.27075624640783846,1573.6759106167785,1360.0837028659525,High,7.3466243933456035,42.713260601831806,High,communal
Kavango East,SITE_0169,-25.441491373048205,13.643837427474123,20.962591672245843,0.127436261187003,1978.2473404264301,2528.1121682612984,Low,37.914959678642475,37.27609748994175,Normal,communal
Zambezi,SITE_0170,-18.635938999038466,15.11872336310307,39.94031763871979,0.3515341734117601,873.0551222661237,537.8347572200485,Low,21.38702970480387,40.38491394422105,High,communal
Hardap,SITE_0171,-27.18033773127782,19.085526823626466,36.51716679647275,0.13465834528157197,622.4348439351807,4793.029427571432,Severe,6.829944491020256,21.10395295002872,High,commercial
Kavango East,SITE_0172,-18.900566811625076,14.300170694616071,75.1535877676165,0.6132231091344016,430.2098907700557,3494.6344182917173,Moderate,36.39481683833806,11.043138547203366,Normal,commercial
Oshana,SITE_0173,-25.855364944744057,16.300043509968084,27.326985640205223,0.3113660340045128,761.0922291388102,3847.684033118038,Moderate,47.59113500562367,10.092065769598912,Normal,communal
Ohangwena,SITE_0174,-21.347231480835134,19.383981576738957,73.16038104001244,0.34659760207853385,1919.0669920028731,2610.8079398386512,Moderate,39.31784053838006,16.347736995818625,Normal,conservancy
Omusati,SITE_0175,-20.758790250558327,20.512500639528376,33.172216734620406,0.6890426313106999,1598.099632004463,1507.6778738233907,Moderate,21.765708401109265,39.82338533720318,High,conservancy
Kavango West,SITE_0176,-25.90424840099766,17.558897021905388,36.91166599469342,0.2574732365820203,261.7420496698662,2290.870706946194,Severe,5.899905364407668,37.64598875722823,High,commercial
Omusati,SITE_0177,-17.19718040175778,15.338983189445111,62.11692750119537,0.21023832368092804,198.26344464157586,3340.820097974856,Low,32.30984185384081,28.26322232112363,Normal,conservancy
Kunene,SITE_0178,-24.194474249860853,16.641416160930547,30.65291882822523,0.16533653194416204,1770.826861213233,3232.056425092325,Severe,10.04735777692664,30.92587687849061,High,commercial
Kavango East,SITE_0179,-21.651015405259702,16.495417841053083,64.66980448655423,0.42995379470439277,1955.1867213486867,2816.0577154875295,Severe,23.68410751990076,12.021249089726318,Normal,commercial
Hardap,SITE_0180,-24.724270966860296,15.061743645856545,31.24661864124213,0.32661925322213703,538.4279198916659,4512.57177045161,High,17.64580744746665,11.820396762189745,Normal,communal
Omaheke,SITE_0181,-25.291378476753366,12.372374184252648,39.73506594586634,0.47274550924420555,1015.5800411668783,2079.2287175870524,High,28.498066543804374,14.706491178522445,Normal,conservancy
Kavango West,SITE_0182,-19.731656744876943,17.2231642893547,77.86977389036453,0.5827668466134964,1246.4082426960274,2458.880582209938,Moderate,23.39580038658649,36.541285861729904,High,communal
Kavango West,SITE_0183,-25.312973499888713,15.76121017049214,33.851132525185506,0.13198957054188373,709.5769995999926,3191.0426599665852,High,13.700955866598076,25.81515916172104,High,communal
Ohangwena,SITE_0184,-24.527240812753643,20.33391895256019,27.555858950323938,0.3267537074974135,364.4229020935237,4423.784712454475,Moderate,14.656469591078286,36.63007961161172,High,communal
Omaheke,SITE_0185,-26.790519970829788,20.32552223357019,69.41607678833101,0.35652688559465207,448.91150035696035,1996.5160219084141,Severe,38.526566795781,11.411269198464199,Normal,communal
Oshikoto,SITE_0186,-17.938967367487773,13.501520148465406,16.2583193325761,0.6251131490163695,1652.9428634847166,2118.160674024313,Severe,17.773608527970545,20.92152855926731,High,commercial
Kavango East,SITE_0187,-18.534989896680926,12.190219822425007,48.93889555062674,0.6830590286323251,1414.6559095064715,2134.6643494648024,Low,49.71323976398039,38.09055173674365,Normal,conservancy
Oshikoto,SITE_0188,-20.377941076649122,18.319098875791063,78.6012193257377,0.1500421164091644,1955.165380307458,551.0474169098005,Severe,18.476232275870228,38.77693847374719,High,communal
Kavango East,SITE_0189,-21.585134163042476,16.502705453320704,34.914251742877184,0.2136197008255929,495.48138705111916,2606.5599584180286,Severe,42.42705534126993,35.97949807646083,Normal,conservancy
Zambezi,SITE_0190,-18.255745180028917,16.419855051193064,68.47252132903688,0.6978647379638303,470.2980701438372,1102.6698230678915,High,39.69886008887905,30.39455697633977,Normal,conservancy
Karas,SITE_0191,-25.83017967259611,19.095602357560207,32.341508071642245,0.4710768786836249,803.7911615524531,4494.54829269606,Severe,11.538487310161988,24.84972223142247,High,conservancy
Hardap,SITE_0192,-25.326730235517527,15.070992189258014,67.15725405400616,0.5649257105162246,1771.3476144949975,3890.883186537501,High,25.564300984502328,15.958429197075727,Normal,communal
Kavango West,SITE_0193,-19.669060101285282,19.38442912038585,60.592685864346095,0.5513928305062613,1449.0295215771444,4950.647574111007,Severe,47.00247212647037,42.694618371614126,Normal,commercial
Khomas,SITE_0194,-25.391288514822364,20.998091809104917,72.62973742661825,0.37535854662146695,1484.6593478156738,3391.831481822231,High,14.395163105627162,18.79867374097477,High,communal
Karas,SITE_0195,-26.652420129196226,18.808603000078655,71.7452585774579,0.6736457739091907,1694.0820914995209,4133.131736375919,Moderate,38.644751402885035,30.858751656421646,Normal,communal
Hardap,SITE_0196,-26.794522844832084,14.283374708301256,10.139065228455543,0.3027395908681495,897.0321406705909,4495.247679273896,Low,37.858296903410356,41.024100340806655,High,communal
Erongo,SITE_0197,-19.70199807799439,15.41600365898804,48.63739736378364,0.11058213206730248,219.06920781518812,647.7280448341089,High,47.882712879925336,41.55929406065033,Normal,commercial
Oshikoto,SITE_0198,-23.19750381067768,16.692291909523295,78.78235196296924,0.5160883512551802,667.3541052894757,751.4103886773446,Low,13.466268015273211,32.36454592211434,High,conservancy
Oshana,SITE_0199,-25.774058587475114,11.36414612588334,11.206654258082217,0.4079802870140232,1647.3450455817333,4008.61135073217,High,36.146681917606486,14.136485661290774,Normal,commercial
Khomas,SITE_0200,-22.83745670958354,13.42911743228695,31.901756070787762,0.32945340973181547,1608.50231616997,4962.245478164365,Low,11.756140225523712,29.25343629746853,High,commercial
Khomas,SITE_0201,-17.22809118109584,15.22345183150929,73.95020743403373,0.5557891927660985,100.27359884599129,2297.798452506244,High,7.201813196240866,12.896865517634872,High,conservancy
Erongo,SITE_0202,-22.223715419187844,11.99243188802204,50.20086419798911,0.6255093505501576,1145.10229539769,3330.8922930348367,Severe,46.28989434246389,33.470696994841305,Normal,commercial
Oshikoto,SITE_0203,-23.81178379462369,17.8348184739048,38.533177329257555,0.26820727321273274,285.38777009336474,645.0467720395231,Severe,41.002385244378836,38.96623557327701,Normal,commercial
Khomas,SITE_0204,-26.964160701503076,13.495131076756554,67.63924345684605,0.5921113869258463,1749.607396968519,2106.893841767819,Low,39.270834909252564,22.13046145610734,Normal,commercial
Kavango West,SITE_0205,-27.92271779458285,17.42734932295188,19.246752336353467,0.1513440222030816,1394.3395544763043,731.7910789596199,Severe,18.062146584018418,17.835763099229844,Normal,conservancy
Otjozondjupa,SITE_0206,-18.66624961899818,18.552358741365936,57.24227896986811,0.32630175437181763,189.59309775132368,2856.5117473971395,Severe,25.812881366798607,10.962369212572986,Normal,conservancy
Khomas,SITE_0207,-23.916706280969294,17.270674225733195,41.72595495199403,0.6790753287025667,1084.6761125887338,4471.844624186535,Severe,6.256484055455943,32.84191803638967,High,commercial
Ohangwena,SITE_0208,-19.842771514371663,15.756955352720604,53.169220874314156,0.3404302243809242,1920.3422278177572,2825.426051735386,High,10.447395100392527,15.929573783376084,High,commercial
Otjozondjupa,SITE_0209,-24.437267656163193,13.752688501586583,19.728404557870896,0.6566014108642444,551.3142328370826,2702.0068706693514,Severe,7.482767457821991,40.76699708110806,High,commercial
Otjozondjupa,SITE_0210,-19.195672108334556,15.157449783000096,38.82341920423041,0.6699800196280413,333.60579504893855,2755.7238862419886,Moderate,19.582587763491993,17.844506369594168,Normal,communal
Omusati,SITE_0211,-25.40950100680032,19.88771410831188,68.19819205935902,0.2976481853047517,129.82136132337473,1025.4716916362572,Low,27.627911918129886,27.218142369882322,Normal,conservancy
Oshana,SITE_0212,-23.38040877296566,12.402650606373815,17.67845832721152,0.29345113560142805,1067.7715416897624,4623.85262084684,High,25.792431511021647,29.451932128914844,High,commercial
Ohangwena,SITE_0213,-24.377653208503823,19.360227877348404,55.98120295429234,0.6179128111374913,996.6950931908544,1556.6693410768405,Severe,45.83641954332224,24.749234550790526,Normal,conservancy
Omusati,SITE_0214,-22.768658141024023,19.609309520053863,44.92520844209913,0.26416162777891405,1549.2147483474414,4580.560797000914,Severe,25.294217077292075,26.637753280485587,High,communal
Otjozondjupa,SITE_0215,-21.276282146136403,15.26523461170565,77.3787411065271,0.4980934504314707,671.19110048067,1451.6150761177853,Moderate,8.340296370744934,26.274294281041747,High,commercial
Oshikoto,SITE_0216,-21.305643041002135,16.703919928732372,41.23234265175864,0.3121046186122091,369.87847212298254,825.1186839923778,Severe,13.968974442540325,32.09184522533087,High,conservancy
Omaheke,SITE_0217,-17.053357108390884,15.282020051679634,47.41511152650309,0.2454484814448492,466.2647033076637,2990.3234662500477,High,20.134626617346555,14.830061987642427,Normal,communal
Omaheke,SITE_0218,-24.539947840541174,15.749082706757342,67.68364612642182,0.24357314277104677,1961.8900566416619,4223.546846947174,High,17.647729222067532,11.522176054265223,Normal,communal
Kavango East,SITE_0219,-27.30477992432319,13.922800341908305,20.32758575519279,0.6994715574762216,439.80312867226957,1519.0573249687225,Severe,24.385527237736003,34.319314798989346,High,conservancy
Oshikoto,SITE_0220,-20.03753245282948,18.075794865171886,10.348865993011445,0.6600836349681075,1921.1028908208882,4189.241964642735,Severe,24.03448047088165,20.14135328916435,Normal,communal
Zambezi,SITE_0221,-21.989714375715785,18.351542951064403,48.67744167057578,0.13778380050074648,766.6036028278143,4129.456164179997,Moderate,31.422593210181248,25.48456409767806,Normal,commercial
Kavango West,SITE_0222,-26.495603864527745,12.311502997814344,16.73009658054402,0.2604848532994674,569.9453850344473,3621.243184705802,Low,9.80418077857174,18.146985768923933,High,communal
Kavango East,SITE_0223,-26.88028445746012,19.20815221336303,11.09043777943231,0.625546661723717,1976.6668690818858,3846.314665082522,Severe,34.68206356203061,41.73933505053999,High,communal
Kavango East,SITE_0224,-24.537239062346107,20.593071200323905,68.54843495445876,0.5714779322163638,1914.824425293338,2449.4143233464874,Moderate,12.199754895074426,43.59423645823668,High,conservancy
Zambezi,SITE_0225,-18.921880192249304,19.582974603385757,17.38654605399323,0.5879714786138904,935.521790144007,942.7611363927153,Severe,17.650670136225372,14.762675208191283,Normal,communal
Oshikoto,SITE_0226,-19.822577223170676,12.099893016161074,40.83052638142611,0.30469311172371766,469.66686104733833,4041.9514837291404,Moderate,16.58327779676138,44.64234405732876,High,communal
Khomas,SITE_0227,-21.41424992355371,13.4428503779111,47.42255870489148,0.30152630202941944,650.4869022608068,3096.9657219717124,Moderate,27.160082286681753,11.822898753043598,Normal,conservancy
Ohangwena,SITE_0228,-17.53944629362037,20.514095649959362,48.34695401464097,0.24289784969398553,434.41061474821106,1755.2476553259166,Low,22.79048762453466,20.709495103291545,Normal,conservancy
Ohangwena,SITE_0229,-25.263539698222942,14.38002067631208,65.74673690913076,0.6147132469467761,940.2505173090314,4652.822839354541,High,29.30848181856721,20.352757506833353,Normal,commercial
Erongo,SITE_0230,-20.70942556127382,20.87378825707847,51.32353679576577,0.567198020171345,1336.7968557632107,4673.021691704176,Severe,37.89616130130816,34.981182194079096,Normal,communal
Zambezi,SITE_0231,-23.504578714663154,14.421318522622947,63.53993694973334,0.5201891205004598,1937.0363105741815,1902.5712993621173,High,30.284434284462648,14.591419261054455,Normal,commercial
Kunene,SITE_0232,-20.661292935048266,20.30910803668884,72.26846018081139,0.1478936570530697,513.8096011086684,4740.953940017348,Low,45.00617229774363,27.131407434871413,Normal,communal
Hardap,SITE_0233,-19.110135129719517,13.998699934514931,63.829906713874195,0.2443054469805896,169.45190794186237,1104.2287913475916,Moderate,12.582307593315349,43.49191644513721,High,communal
Kavango West,SITE_0234,-20.116642596988605,18.384907152154394,21.94109327905825,0.15423286825170762,1661.3593292034705,973.2740223754226,Severe,32.7257213761705,37.75747203704413,High,conservancy
Kavango East,SITE_0235,-23.289044928610117,16.100281186497607,20.876376548308524,0.5732199302252745,589.3381649121334,614.155435593736,Moderate,32.512913059945795,15.426091034020061,Normal,conservancy
Erongo,SITE_0236,-22.3832719264724,14.942323334769918,59.98914176670546,0.6400425211376426,1761.6856022088627,819.4503844567168,Moderate,25.85889056087808,28.834016769805185,High,conservancy
Oshana,SITE_0237,-26.00376658891458,13.423888234656271,31.26981669749722,0.481392594623561,1948.6134673197935,1907.6310718940936,Severe,42.818637030643494,24.118407806646232,Normal,commercial
Otjozondjupa,SITE_0238,-27.837922797531053,12.84465828485274,68.76309219122831,0.3501666488859617,1063.8376003744866,1924.658262081683,Moderate,39.773447451609805,30.785266869984547,Normal,conservancy
Omaheke,SITE_0239,-19.502482832093563,14.306530962273357,50.934486904565134,0.19686752188494477,589.2394441576141,808.4604037109001,Severe,23.368929678319855,10.955074176093378,Normal,conservancy
Kunene,SITE_0240,-23.939526523269613,18.853506488570027,66.23131828201207,0.6949394323754818,331.6328666259012,4136.7901787919745,Moderate,49.57550277698742,42.50794839870318,Normal,commercial
Omaheke,SITE_0241,-19.396586796657395,20.28008465875589,59.5733818606107,0.637232475307915,1996.1037623588245,736.0939359988672,Severe,12.227295000688406,21.710101365981053,High,communal
Hardap,SITE_0242,-20.789864298989606,16.89672397806416,14.464794044728508,0.5278099706161976,1875.5291223908566,4791.922368486066,Severe,46.09100279727143,26.841308958012764,Normal,conservancy
Omusati,SITE_0243,-17.89349349238293,12.26825836049214,51.212231693976285,0.2082592743268862,1324.376503111963,1288.2416772783947,Low,13.590497244503512,14.516724282240139,High,conservancy
Zambezi,SITE_0244,-22.21856254956061,19.112757669414684,79.49735848149442,0.5511265592260228,530.8693515858546,886.7986237727994,Severe,34.79044880757087,19.61348277755325,Normal,conservancy
Hardap,SITE_0245,-24.608292257712588,13.995468486147482,48.718212195232546,0.6394626528178706,141.78552607047595,1898.790604479005,High,39.46029680999638,13.019445091696515,Normal,commercial
Kavango West,SITE_0246,-18.084631056272535,17.037866333501313,34.41158762830355,0.33774302995187455,312.5579900995687,4581.2094999971305,Moderate,29.998331999068828,28.487468549386918,Normal,commercial
Omusati,SITE_0247,-18.289318840106514,13.179040435323039,73.61632147234087,0.6602199992198617,1581.377476213915,809.6508236825393,Severe,41.26091988148056,30.672172166887368,Normal,conservancy
Erongo,SITE_0248,-23.596482605440148,20.31055206161955,10.775374809536133,0.10270907567559256,355.410319531946,1992.7057073177148,Moderate,30.34344437431451,31.123433259318737,High,commercial
Oshikoto,SITE_0249,-17.413132454522714,18.440774233542015,60.93565669413904,0.24599948421710643,295.77710484676004,2305.006418084546,Moderate,11.69624279275948,10.709100438147612,Normal,conservancy
Omusati,SITE_0250,-26.217329408221115,20.965439519124608,62.639541526408856,0.6647053551154655,1098.4964793584631,2451.713861456802,Moderate,11.303672439669986,22.290082600692227,High,communal
Khomas,SITE_0251,-22.86233493617454,11.591066259790042,69.22023187263127,0.6933014223672385,1783.5040442373368,4633.015480967044,Severe,31.429492707449175,32.35637732688022,High,communal
Oshikoto,SITE_0252,-24.50818598006119,20.81670578683636,64.59622002771789,0.16176022799613862,1781.4829115076927,1001.3519826217863,Moderate,34.094581952057084,23.496331085972002,Normal,commercial
Ohangwena,SITE_0253,-20.707931961634838,16.12818750642285,42.04065887984756,0.11205880663747421,657.5847394280623,3827.6313621528407,High,31.788908407135928,39.13988208150248,High,communal
Oshikoto,SITE_0254,-18.18864692687829,19.69880380482133,49.43885045355542,0.6630172139563808,1170.7033858826321,2133.7557676123934,High,28.574049089281623,21.68772930133029,Normal,communal
Kavango West,SITE_0255,-27.742735952698467,19.310379809700848,57.19328118938281,0.39097852944059586,645.1162119300609,2032.4415815205323,Severe,18.760278981610476,12.969394828439212,Normal,conservancy
Kunene,SITE_0256,-21.92458783378776,12.426707475342006,46.6869981144426,0.3321500454490355,1984.9130103120417,1850.6399086063184,Severe,6.326894964633746,15.9524405543503,High,conservancy
Khomas,SITE_0257,-19.954841537369802,13.746704112683712,54.30768314768752,0.4051146368538572,244.83773592170024,2165.761653253151,Moderate,12.510304948106526,19.73692557787735,High,commercial
Kavango West,SITE_0258,-27.69649445745208,19.79172140115017,77.49557798524187,0.33419350303009454,1755.5567273427685,2295.4474743773435,Moderate,20.894219109005668,18.885179188980462,Normal,communal
Kunene,SITE_0259,-17.070286076176718,17.558407909226087,53.98319067442132,0.25845561139213397,738.1989662895412,4586.136013484269,Low,47.70911398034154,31.189757521515038,Normal,commercial
Otjozondjupa,SITE_0260,-23.44327468210156,18.86771126769655,42.2850547202808,0.20876403723482062,1065.372587853456,3699.522238409168,Moderate,12.420791274510858,26.26287834326642,High,communal
Otjozondjupa,SITE_0261,-19.4821046937166,12.321276564624235,57.654466628094184,0.10899266657717276,1830.3530184881515,2626.2715401594114,Low,7.359503302483412,25.706937907221175,High,conservancy
Oshana,SITE_0262,-19.82117065631371,14.928498771129192,20.298179116124285,0.6789213461225048,1856.3001597381756,2439.315872482528,High,30.62399927258536,30.95815729548373,High,conservancy
Zambezi,SITE_0263,-17.212102896499868,20.635671705193797,16.581684443137803,0.3604032929531691,1860.1257199973452,4657.470261296047,Severe,31.24706945883096,22.44844312057844,Normal,conservancy
Otjozondjupa,SITE_0264,-26.794749985864808,17.03250021318404,19.574883449308338,0.28354146115865736,1572.6358019322706,961.9479633096344,High,18.240881657663053,29.95748125920882,High,communal
Khomas,SITE_0265,-18.335860136836764,17.348443323137396,62.95777726126861,0.5657241239853255,909.1752391950803,4364.223161441887,High,34.411365332417034,13.441629692524447,Normal,commercial
Otjozondjupa,SITE_0266,-20.963761870482287,18.280612381903182,53.76397738514246,0.5581984277429866,1660.4737975257356,628.1971395648213,Severe,47.38856379352366,22.339464202541578,Normal,commercial
Omaheke,SITE_0267,-19.08115792794902,13.182612080049696,30.257574601067112,0.5804755614529442,621.3638801060808,4815.0760070534625,Severe,30.02752317590025,21.63213145010872,Normal,commercial
Hardap,SITE_0268,-27.981760613559636,17.566798087350534,39.275077352151186,0.6248470092645125,355.26601614234096,608.974433373254,Moderate,35.53247825176999,27.680523104707714,Normal,communal
Omaheke,SITE_0269,-17.451909218242303,20.30472703876061,17.536191008940463,0.5109609170403046,1723.9586562252712,2133.4948856301194,Low,16.28188244058206,37.58739175548718,High,commercial
Karas,SITE_0270,-23.738290609022627,15.497621871570338,16.97153335955921,0.5046511118103427,271.29470600572677,3740.4025900415595,Low,43.986163402955974,44.33320109719651,High,commercial
Omaheke,SITE_0271,-27.279541467335747,20.621066448765486,38.39901426823554,0.24598660818839446,1558.509464522328,4658.440387675935,High,12.516892013948585,44.942792677711516,High,communal
Kavango East,SITE_0272,-18.091639669256015,14.180452264372454,13.41914510358799,0.15297057334319142,1908.613386755283,4822.3724162341005,Severe,22.993675077992208,38.932228471983365,High,communal
Karas,SITE_0273,-22.559925777257387,15.17040288607351,47.358120961583936,0.11100809685861697,561.3165428078171,4373.984603377005,Moderate,14.653586917680695,38.546688016896084,High,conservancy
Kavango East,SITE_0274,-17.401937235917003,14.295989797614912,72.16248973017096,0.4958950542770868,1632.711591333733,1892.4019076255377,Low,23.329755837256197,38.03428475709809,High,conservancy
Kunene,SITE_0275,-20.097776718385482,12.0429841502305,39.02491104936185,0.5722926096607402,632.6647856263801,3936.9318283399393,High,28.80234850790402,15.390884881864224,Normal,conservancy
Omusati,SITE_0276,-19.218227263785195,17.27542422313141,26.702952451792285,0.2869823996026213,380.402614793485,4070.515471780529,Moderate,36.52042065249313,44.24885483464075,High,conservancy
Otjozondjupa,SITE_0277,-25.288177978085443,15.861986988984702,69.3729107298868,0.5624510262703343,1524.85382173967,4608.270560018266,Severe,40.2266066051032,34.88907378507471,Normal,communal
Omusati,SITE_0278,-21.39717450270719,19.84050785527579,37.57635016779711,0.5283242761849993,1345.673878370053,2265.9213965607923,Severe,37.816078737522616,24.58240477540521,Normal,commercial
Omusati,SITE_0279,-18.755679970693553,15.497172867299295,39.77824171573223,0.21477063451605485,1551.2590349106772,3337.4081374394177,Low,29.086209283049758,24.717321073042434,Normal,communal
Omaheke,SITE_0280,-19.748332035527163,17.58804144358689,67.54173053216053,0.6397693033739094,909.515093484567,3203.126906344273,Moderate,38.51455853602486,42.98242396945537,High,conservancy
Karas,SITE_0281,-27.415839458512202,11.677566639399744,77.81362808547505,0.5751632400253072,1177.2313829225332,1778.2899425383755,Moderate,19.77139896009073,29.24849549233933,High,commercial
Khomas,SITE_0282,-22.229648220215495,14.171640112399771,31.25349999308646,0.2081303376732997,402.2610825098134,1216.3626418117133,Low,40.40517673337169,32.424778506934594,Normal,communal
Omaheke,SITE_0283,-24.94061481727534,15.00483696699122,68.43624857684762,0.28651506675717375,703.7303443231757,2567.7145428307517,Low,14.590252667352372,20.213617241613978,High,commercial
Kavango East,SITE_0284,-18.483653040150216,17.55334676166673,70.90176866555998,0.37799368090525975,688.9114468950336,3486.450465888155,Low,10.223715016510933,13.614686713440214,High,commercial
Kunene,SITE_0285,-20.14794283316411,17.97031672019336,49.191673256486105,0.6876751003994419,1244.6912807769486,4918.454520000943,High,19.318428082845042,32.63813138345289,High,conservancy
Ohangwena,SITE_0286,-21.76163420466938,14.544883495397347,49.71713162265182,0.5080928359068271,1644.2844414593353,1381.100538996418,Moderate,31.121848753842343,15.513984791155352,Normal,communal
Omusati,SITE_0287,-24.39459248507209,11.195457959360148,45.24202307987703,0.17104330387058747,747.1455802231967,2189.324333773734,Severe,8.7678874686092,14.865730717475005,High,communal
Kavango West,SITE_0288,-20.80479810025763,20.236515490197363,45.16088487134484,0.1310785703219161,1786.1673545300555,3942.708992523606,High,40.853633194888154,16.080045712975547,Normal,communal
Omusati,SITE_0289,-18.427012648759032,15.218472169418886,34.75313567059528,0.6854379321572891,1539.5256876849357,915.2216269612991,Low,40.77132651036708,15.945765787471988,Normal,communal
Oshana,SITE_0290,-27.365647299893357,19.5356648516848,12.092485383563734,0.6157783758422917,1024.6027739886422,1969.4676234813426,Severe,21.363375367708436,11.80191926268318,Normal,communal
Oshikoto,SITE_0291,-22.41896469846435,16.84958777062788,55.98196409263583,0.18980095332044444,635.4335866178778,1079.9559082996875,Low,19.369004243425977,36.19237434085986,High,commercial
Omusati,SITE_0292,-20.878411872301065,13.05768678510255,69.65465746704082,0.48900556246739535,929.9586054019294,3898.4164674283975,Low,7.064436147109506,15.751686806854039,High,communal
Omaheke,SITE_0293,-22.812324092053988,13.581750403051684,16.726650518903057,0.6033989751879825,1104.4611532738868,2455.395092364492,High,11.79296459104286,41.11863571984408,High,commercial
Oshikoto,SITE_0294,-23.43538348147652,17.72188169268303,10.746104375974138,0.4904405008044226,1695.5815429908023,2753.3487217880675,High,23.981161769216975,20.36404700599759,Normal,commercial
Omaheke,SITE_0295,-18.80111832064698,13.288113189180688,11.066685368388615,0.1761715410076567,1823.17836388914,3426.8482023548613,Severe,16.0900905146381,38.517918619318294,High,commercial
Oshana,SITE_0296,-26.42546428715327,15.157145359102648,19.74384209283651,0.6241358147294799,1707.4578356464688,628.0947991461768,Moderate,7.117231583392348,28.275222533545687,High,conservancy
Kavango East,SITE_0297,-19.456506913612802,20.12686498867878,47.02898961633675,0.4596280770293053,1870.2532403639457,3559.791356324107,Low,23.486656161307682,15.250190211087606,Normal,communal
Omaheke,SITE_0298,-21.71340048012849,19.896779567113583,50.43536404701575,0.279096087819232,1197.732433197858,3190.4649868157558,Moderate,12.676590920354316,40.736228199535574,High,commercial
Omaheke,SITE_0299,-19.932437099663325,12.07913651180368,77.10066783916733,0.29167430257236066,203.65379583587873,2427.281740265827,Severe,11.112807655620086,40.75578714508508,High,conservancy
Karas,SITE_0300,-21.205031920827373,17.48811592303059,32.56612637063386,0.10218529743145946,920.5583077099436,4006.1329445020892,Low,19.855539731393606,27.320631041386218,High,commercial
Khomas,SITE_0301,-18.072348202200832,12.09104203684508,35.96062475346467,0.5811967372964766,1746.550390387469,2870.631053497528,Low,32.91894854750082,30.556609562948722,Normal,conservancy
Kavango East,SITE_0302,-19.27415579942103,19.080996278018315,34.77009870112063,0.1288227486018311,802.4796448939709,3186.9489211768673,Severe,19.291392375547076,24.423828695487273,High,communal
Khomas,SITE_0303,-21.081122832463727,16.42070091019643,33.0966737664164,0.684844346252552,931.453861103278,4057.681952571989,High,22.120108929240935,22.612405037756332,High,communal
Kavango East,SITE_0304,-21.857165030441276,20.49004004872534,59.40372778050654,0.4198102021855261,1022.6896409319464,2626.03049255882,Severe,31.15543439955048,39.71684380601418,High,commercial
Erongo,SITE_0305,-25.28594887661462,20.46680913772152,60.66129373817448,0.5042453443093206,1012.5815262738257,1492.073598063424,Severe,35.92976477858707,26.988931905532297,Normal,commercial
Omusati,SITE_0306,-27.81245998091106,20.161988042876775,78.2044202098854,0.6607410254463678,981.8962061678627,2615.0580136591275,Low,46.70373088596948,15.959655345309256,Normal,conservancy
Kunene,SITE_0307,-18.12911609632695,20.436624058790258,44.83843538918608,0.6662185077098178,1597.6219854685635,4029.7516119457946,Moderate,49.39329204974512,14.343717992946537,Normal,communal
Khomas,SITE_0308,-25.246670933973437,16.238190993568182,47.0071705480174,0.2826227869542892,766.8824235821291,2790.0563690109843,Low,19.403144290607905,23.13471414147474,High,conservancy
Zambezi,SITE_0309,-27.06221025563887,14.31922134178622,64.4269469435423,0.22060047751989387,233.47238967016705,2144.309465371067,Severe,41.25951657746832,13.142563214486565,Normal,commercial
Ohangwena,SITE_0310,-27.878283321734166,12.705285395497423,74.78619630456102,0.4464828434376501,1292.3224836650966,2365.6614733912984,Low,27.47186164745041,33.11850765142755,High,commercial
Kavango East,SITE_0311,-24.630180221089518,20.829613407762494,36.68537516906453,0.6133705162798392,1106.1428273473894,1767.5300398750967,Low,15.995251010443779,36.39146003622572,High,communal
Otjozondjupa,SITE_0312,-19.70823057722226,16.37721332038351,40.09651272292405,0.12365982964347424,1392.2893173303385,699.8817390589429,Moderate,29.042940872873228,37.52265658019766,High,communal
Kunene,SITE_0313,-24.776728592948437,19.764307186260133,23.444675463545746,0.5953577066213256,922.3037385410851,3540.0693897522074,Low,48.45488041078596,35.88988796413078,Normal,commercial
Omusati,SITE_0314,-22.74982659140593,14.114837876991682,10.684694181448783,0.1626838830981558,1228.7138021838662,2481.76693425729,Moderate,39.98234483951603,25.694951210463262,Normal,commercial
Kavango East,SITE_0315,-18.4740710510842,18.389633022093303,19.5624910427123,0.5747196685917954,869.3798744496756,4240.438588490195,Low,15.171146783289698,35.01877042147616,High,conservancy
Oshikoto,SITE_0316,-25.309499984271987,18.110042913223865,18.7351811900323,0.16336672032339228,689.6064076748514,3984.127035792592,High,8.776186885542229,33.61975335840345,High,commercial
Kavango East,SITE_0317,-26.763556205575025,13.4059438312769,79.12781492653059,0.3653901846289924,559.7935066829093,2395.567367141836,Low,48.66974787366875,12.90344124303559,Normal,communal
Ohangwena,SITE_0318,-26.87569101916891,19.907401894174853,62.72457733448611,0.3752453208536447,731.7033539057132,1472.4369500174967,High,20.091154346720415,27.878049400628868,High,conservancy
Erongo,SITE_0319,-17.215857819562146,15.495035902698202,32.19579308264623,0.6118436373613909,1215.6174025549515,1022.1567431694323,Low,44.27215821647042,27.253735422421787,Normal,conservancy
Omusati,SITE_0320,-20.841526025962835,19.08719799006119,54.56258648040856,0.28538662152959954,747.3170179966892,4955.790599950746,Low,9.066050357802826,30.486181259038535,High,commercial
Oshikoto,SITE_0321,-25.81912023743253,12.49944689624854,12.178370152091997,0.4205924550352751,489.689687194958,2710.7128570292416,High,18.980548090180854,17.017826723789014,Normal,conservancy
Zambezi,SITE_0322,-20.147440780256613,12.331516621709142,24.718547050047412,0.6805530919445357,1384.4651955640566,3354.5150341409503,Severe,48.50511758106865,36.640951819905304,Normal,communal
Oshikoto,SITE_0323,-25.804076107444644,16.098633013450105,40.1398817329979,0.18721749298007734,1389.1840930602857,3299.255635424759,High,47.42386973116718,37.62800490525824,Normal,commercial
Karas,SITE_0324,-18.079148454664445,16.18303030331925,67.74647642079836,0.6952371136316222,1549.5139325842013,3821.7381687743073,Low,30.250505581929673,43.01205393029893,High,communal
Khomas,SITE_0325,-23.405826686346845,12.804840844343845,70.99067279896981,0.5988743152752564,1356.339157042331,4003.2224804382554,Severe,48.16394640326707,42.93380920034048,Normal,communal
Hardap,SITE_0326,-25.612516787352504,20.614026230808282,72.0492526407751,0.43670908277151,1515.6786953450874,1527.8062941715523,Low,25.75377507095261,33.56800143606004,High,communal
Kavango West,SITE_0327,-18.942511786959358,11.778433776251733,23.504067147592767,0.20378429967108652,1218.9877039086853,2859.0432490384023,Low,22.22885997333569,22.44820806431752,High,communal
Oshikoto,SITE_0328,-17.41213192473284,14.749401383110198,13.712493755910586,0.3447423898217352,518.2885396640436,2241.697124873658,Low,14.449529640867146,10.996931515599007,Normal,commercial
Karas,SITE_0329,-25.046441252593468,14.981477948863962,59.41588647935832,0.2696642793550678,1104.9366655654198,2583.0911398138155,High,38.41700541908454,24.23508397278758,Normal,conservancy
Erongo,SITE_0330,-23.60596549453576,18.554721177688734,38.5809108255976,0.35178096254730706,692.4225094755354,907.9175945770153,Moderate,32.83274484883035,22.353357023934116,Normal,communal
Erongo,SITE_0331,-20.236654560835703,14.411450660096545,23.522363877083585,0.6321671692212116,248.6228547018254,4658.231918756234,Severe,16.705860973604384,25.039770902818983,High,commercial
Kunene,SITE_0332,-25.415476133165356,16.07937251051507,54.31249237070985,0.4280488772959954,1344.0464097940178,634.6594298054014,Moderate,8.064357666706027,21.793598006883073,High,commercial
Kunene,SITE_0333,-25.556255302437496,12.201949039584289,50.18883114671142,0.24299409374561814,1871.2628919210033,4858.872713975208,High,43.70522029892439,16.38763364054592,Normal,conservancy
Omaheke,SITE_0334,-24.226539834579356,11.35606909830899,72.69786722788822,0.6362025615971284,618.5018063522967,1347.287829972377,High,10.730982142748363,34.336981809006566,High,conservancy
Khomas,SITE_0335,-21.459206477321178,19.249913804341347,76.1453769736542,0.6617087889216592,331.2636081131386,1298.7975957926715,High,37.18760608942236,40.08103715838257,High,commercial
Otjozondjupa,SITE_0336,-25.49299300467383,17.29576515826688,78.76162475089075,0.3171927350037852,434.9118492004799,2770.927147539168,Moderate,37.6554553663922,37.947174153653016,High,conservancy
Erongo,SITE_0337,-19.60601535421501,13.424434476307155,27.203460537512555,0.17935312169310175,1493.9517858404145,2822.457425429586,Moderate,47.92881044190808,32.87257699929489,Normal,communal
Oshikoto,SITE_0338,-18.54621358959135,15.827511372641721,33.492627761246,0.5872577078075356,232.7106922711658,4822.340182462408,Low,12.664465620502039,16.303612424068564,High,communal
Ohangwena,SITE_0339,-20.99398354970486,15.422693474075347,74.51674746533725,0.5939877150331759,739.5106919170665,2529.967294455563,Low,13.797028725339029,33.85589744722038,High,conservancy
Kavango East,SITE_0340,-24.900036658608517,18.746103497004047,57.996607832868,0.47508933234165773,1745.3956535019645,4593.349982431819,High,44.084318054687486,14.158364423456844,Normal,conservancy
Kunene,SITE_0341,-26.986141197075792,18.621489998311212,79.60946652835717,0.4097787422507375,1099.472982213274,4002.536126599033,Moderate,34.375735007470084,44.5810308496377,High,communal
Ohangwena,SITE_0342,-26.468746977598183,20.380014557376825,18.79982472630664,0.6818420497684315,1447.2585699961585,1206.5599269473346,Low,20.94714090541746,31.007873127653568,High,commercial
Oshana,SITE_0343,-26.63622596014064,19.073736797563498,38.661070791186546,0.4320240508419415,1593.6766091322345,2743.304396533811,High,13.272128672431764,37.20689620579152,High,commercial
Zambezi,SITE_0344,-23.337694448086538,18.921210915438586,73.89230565782454,0.275955179718934,1531.5715310619282,1962.7807389646616,Low,23.30393122996425,38.529277412560475,High,communal
Kunene,SITE_0345,-24.28642706941295,13.388725814521102,45.49946275938699,0.6438039092874779,777.273777362525,2987.942370670298,High,36.81124946312233,11.160023271195834,Normal,communal
Kunene,SITE_0346,-26.15185957321461,14.14015394056317,54.77135419443183,0.3294796544203812,132.63671177887187,3337.683308853749,Low,5.4083602521833845,19.94116524055405,High,communal
Erongo,SITE_0347,-27.129722600608655,17.75973647505428,23.072095157636056,0.29928448834612575,502.41085805350167,4769.799378929039,High,34.11376316517678,29.41399067775404,Normal,communal
Kavango East,SITE_0348,-23.093447810652876,16.814528800169885,57.68145004520471,0.16137562349053752,1058.7551113023064,1506.5607062964502,Moderate,40.201970558736136,25.902972249320207,Normal,conservancy
Erongo,SITE_0349,-21.955204932788227,20.971820351023577,13.920165176624764,0.4200781120159609,798.7651719579397,3449.6587277763742,Severe,18.029759289149574,39.96294564307904,High,communal
Hardap,SITE_0350,-27.26054472779345,11.411590135622205,54.19364109761518,0.5380423109386968,1584.8686816545205,2169.708581940292,Low,10.863669972651477,13.545214246918714,High,conservancy
Omaheke,SITE_0351,-25.404490088817,13.23761276703311,42.77689813150137,0.11770127424201882,480.7893227080394,1012.3751929256273,Low,37.433243577780274,25.407795713677608,Normal,commercial
Oshikoto,SITE_0352,-21.90524297711695,17.387856350413973,72.16442850973374,0.690272181988724,1765.6477807076599,3127.730323192489,Low,11.57726551266789,42.216806506919916,High,commercial
Oshana,SITE_0353,-21.569360994945086,18.196313944673747,74.16012927269118,0.2811659281546131,1771.8563560129478,2043.7292417420344,Low,9.471963444125707,38.270576421640456,High,communal
Hardap,SITE_0354,-21.221370386179416,12.542743724365824,48.21019554993242,0.5893030982714224,1102.6753052021068,3134.3134545082144,Low,35.27462966251683,17.5978912038798,Normal,commercial
Kavango West,SITE_0355,-26.940555266447635,14.024867776069794,66.13022469991901,0.24594680003710484,709.4869105846382,3195.29446551515,Severe,39.21420372294177,25.505908039838737,Normal,communal
Oshana,SITE_0356,-27.294925657530325,15.811247482140699,20.049792529164776,0.5835071754268741,1344.0767971170253,3273.7036783804633,Severe,44.82450486128943,19.469615364357157,Normal,conservancy
Kavango West,SITE_0357,-19.836296968183383,14.682182810831973,32.485624556738586,0.33259859464958896,1375.0557881842108,3511.256428194623,Moderate,48.717585960417765,35.647735411132345,Normal,communal
Otjozondjupa,SITE_0358,-20.023408448181918,11.354674449811675,18.069425395111708,0.43912407525944464,315.144506724994,4996.818825634199,High,28.119191445196815,10.34830797860937,Normal,commercial
Otjozondjupa,SITE_0359,-21.530189242995736,16.188797147639384,45.54770054687491,0.25679557989539653,1673.218288897869,3448.074315722875,High,10.964216279069017,40.90148091714242,High,commercial
Omusati,SITE_0360,-23.62369203974368,16.759395146378147,60.82176271408264,0.3577656629928865,516.8475588249548,585.9345706961584,Moderate,24.907094550473303,23.310869289767062,Normal,communal
Otjozondjupa,SITE_0361,-25.11735024762908,14.666029198840619,53.86771519146489,0.47491545415803393,1851.359147862406,4224.558659272725,Severe,6.245038653932602,43.848783859281134,High,commercial
Omusati,SITE_0362,-19.01409459886034,12.60085470009053,23.327702402904723,0.491325342120005,1513.044752620884,3684.4372627580583,High,35.40020802542558,11.684936978373425,Normal,commercial
Khomas,SITE_0363,-21.005938218534606,20.7816083589736,59.45011579387856,0.30011945229943243,1648.4432148048566,2507.080350294794,Low,29.9758320534972,33.19387398617765,High,commercial
Oshana,SITE_0364,-18.733680463769055,18.433855610271355,48.27924330117315,0.24143996659616546,378.1679377757667,956.3357326989865,High,37.42937344924541,31.120420871778858,Normal,commercial
Omaheke,SITE_0365,-18.416126027777295,14.600180100602888,78.05181102096843,0.2932180966007314,1861.8059399942424,2318.568167777352,Moderate,30.87158672250096,25.04698751733295,Normal,communal
Oshikoto,SITE_0366,-22.375600457172723,19.36196187715226,15.620023554059507,0.41009319039200176,1592.7012541469276,4705.154267579364,Low,42.56134068378067,22.04653695867526,Normal,commercial
Zambezi,SITE_0367,-18.167169535543266,11.904510639476232,73.29816957683599,0.41736994356834123,1956.5538581379008,3405.0125434198135,Low,30.615442697210668,34.478421892315126,High,conservancy
Zambezi,SITE_0368,-18.93536289838095,11.661525485056716,30.799901794753822,0.6312507789971312,1580.7072101558958,1481.5282949342618,Moderate,41.937490813579956,15.096166668258505,Normal,conservancy
Hardap,SITE_0369,-17.15197544705747,12.598620377783979,78.99520408659416,0.5613517397932658,1891.7942352590712,1786.6850106410832,Low,13.714715840576174,14.545646779360947,High,conservancy
Hardap,SITE_0370,-20.548672806407524,12.602313710376578,60.22314046173385,0.6458560258233723,287.902080675183,3691.2689203828722,High,27.860880415944663,33.35241783078729,High,conservancy
Otjozondjupa,SITE_0371,-21.261745395642198,15.237789989256294,55.10186984566995,0.49149832775224567,1363.754409005121,681.0433419891754,Severe,47.721868314938476,44.27881008920942,Normal,communal
Omaheke,SITE_0372,-17.841684064731567,14.559990417386434,38.94458444202803,0.5229045938643526,705.5984823463879,2164.833661441071,Moderate,8.538434879359375,37.4095631140805,High,commercial
Oshana,SITE_0373,-24.747453757657127,16.242355283964244,51.009183846850476,0.5915407491222728,1438.1551152076897,3859.5056482338837,Moderate,8.508389847380583,28.42335916179814,High,communal
Kavango East,SITE_0374,-22.565841894156065,18.119668822677003,71.77910528971053,0.4783830840597657,697.6759435500942,2833.3727448654945,High,30.310667750462223,36.61122998264108,High,conservancy
Omusati,SITE_0375,-23.32483666994641,11.715336456847325,13.451886108334103,0.17995306311274145,1178.2086556785075,923.1368461354518,High,5.275546247515763,31.842204936813616,High,communal
Khomas,SITE_0376,-27.797754561539342,20.996238286397176,17.169430534521478,0.5191314198224448,146.90443708181533,2291.610504922046,Severe,8.325989948143196,38.06642203003743,High,commercial
Omusati,SITE_0377,-24.758916722846376,17.451360066537177,14.814898858869904,0.44472161001533783,686.8485929851804,3008.147239300882,High,42.71840842126315,34.26577332674191,Normal,conservancy
Omusati,SITE_0378,-23.900465606227513,18.976382357430715,53.01235202240234,0.3563001977531757,676.2256311703486,1304.577340540011,Low,17.757707659427723,23.68784693056027,High,commercial
Omaheke,SITE_0379,-19.70106661961379,20.559232658061653,26.82031333791721,0.6290820377095805,1765.2521434353073,2080.264391683814,Moderate,9.54278711881722,39.989949594578256,High,commercial
Zambezi,SITE_0380,-25.38180431925701,14.53152950769082,40.35198134263871,0.48303088265041916,1614.5491904339326,1267.3361724046608,Severe,42.60962199207695,37.70376518184449,Normal,commercial
Zambezi,SITE_0381,-22.85089509112921,19.52373000558042,53.56781366354096,0.3470659622103197,948.0112346269078,963.0601074186145,Low,48.62556751605575,27.187804558455646,Normal,communal
Kavango West,SITE_0382,-20.04591775568064,15.316528224226303,78.16050620705366,0.505062612841705,1907.4097833923154,2164.4439496216305,Moderate,37.42290160189831,16.04883160003154,Normal,conservancy
Ohangwena,SITE_0383,-21.091536180616128,16.877918082725202,38.800542827035805,0.10541890314652276,1864.3817060380807,4187.361639039469,Low,32.063782803658256,30.607223109210736,Normal,conservancy
Kavango East,SITE_0384,-24.737531561624014,16.547214283629476,63.54370759974361,0.6174599405776606,158.7966848485138,3694.4510882330187,Moderate,19.17587459106771,43.65435555014503,High,communal
Hardap,SITE_0385,-18.05587975932096,13.847249135460821,17.320742346980463,0.18295662269301638,1548.7694520592597,4537.172645014603,High,30.279085476130735,35.721103314729845,High,communal
Omaheke,SITE_0386,-23.362365544049606,20.241186160119362,22.73452534716175,0.31686854139531767,1294.300771030528,3178.638249949823,Severe,47.09270727763747,11.736303133916397,Normal,communal
Omaheke,SITE_0387,-18.45027559583719,16.64476208466001,27.44072655060274,0.5574945217988873,1238.547128582147,4288.2511375420945,Severe,37.170135034973896,32.65987770102694,Normal,communal
Otjozondjupa,SITE_0388,-25.076634931062237,15.728621571519664,43.15007973385208,0.6571680331008135,1446.595710686947,4143.101876806989,Moderate,21.136647554339934,12.178708978289311,Normal,commercial
Karas,SITE_0389,-20.662051933630323,17.939665507764047,75.6438216324136,0.10463456118490594,1922.132906158458,1628.7181635770132,Moderate,40.367197861254645,10.827077605392645,Normal,commercial
Erongo,SITE_0390,-24.724197874278122,14.218636175386678,65.20495207022407,0.46690898774746525,1217.0675612042362,3628.6993745384143,Low,37.94133159122824,12.33578281974972,Normal,commercial
Oshana,SITE_0391,-26.326671087648897,14.585200968869358,30.571591818118982,0.5309440496467583,1047.1881342360907,4427.627769935362,Low,20.756646477877716,25.715286819924764,High,commercial
Zambezi,SITE_0392,-25.373806501834604,13.899857085900067,52.49493255520801,0.2577357165296174,1935.0698707556421,4865.103349736965,Moderate,42.78950289001851,33.6021295737588,Normal,communal
Erongo,SITE_0393,-21.302034455985776,15.904616563673963,40.09783007100329,0.4600288712882278,158.94574515812545,1006.5914845419773,Severe,11.153521256466217,16.562916356288813,High,conservancy
Omaheke,SITE_0394,-25.215403068235467,11.713088433157667,35.432949596459856,0.4746028952208531,276.18411319204995,3376.773019416865,Severe,19.321128566024786,42.25914079976232,High,communal
Kunene,SITE_0395,-18.865010532614296,17.636309468816798,60.60181364276097,0.11921990550526758,425.79517667348034,3888.4392291219588,High,43.13882685228215,28.840838534970697,Normal,conservancy
Hardap,SITE_0396,-23.4375726798895,14.19237296873246,44.66475740071549,0.6645475093899668,747.102653428663,1857.1707967920545,Low,33.45849057625812,12.456362482835239,Normal,communal
Hardap,SITE_0397,-26.45716470231592,20.827389482044033,77.74522607269826,0.2615174424952273,1791.0801442296518,2050.302887699625,Low,27.720261557004182,30.488766923435918,High,commercial
Kavango East,SITE_0398,-21.774218654120652,15.807554428443702,41.16202048114715,0.5602229445876086,322.4747877015315,2471.9977582187453,Severe,24.166989828748726,13.141264256103241,Normal,commercial
Oshikoto,SITE_0399,-22.814507026620035,13.740737697496032,18.07047044186203,0.5906891951745095,1033.7325673990672,4139.480502599896,Low,11.145837473243983,24.657652502670054,High,communal
Zambezi,SITE_0400,-24.84872201047877,15.638551918784094,59.17517289332806,0.1573757612687832,1857.8773037268363,4367.973853855936,Moderate,20.287718069067054,19.79410712199077,Normal,conservancy
Omaheke,SITE_0401,-18.840212502397176,13.256280146656714,66.77396136234337,0.5444928919189086,1132.7886867835307,2894.3633821476665,High,26.425886820192776,13.073443408147067,Normal,commercial
Kavango West,SITE_0402,-17.94662645960681,14.250472475949849,11.670496687416867,0.6057853209387255,1629.331662722865,2356.4011449447407,Severe,11.35101011396528,23.445414953347992,High,communal
Erongo,SITE_0403,-19.046226044531522,19.84369045957926,59.60104652944601,0.1975156047009925,672.6304828654795,1383.1349732498443,High,36.51752338373066,23.241103847267624,Normal,commercial
Omusati,SITE_0404,-25.696190095630115,18.009038835821368,53.81592154721616,0.5440223113789532,1989.4389751644565,3094.4172489146335,High,7.172827510644678,42.35578041675953,High,conservancy
Erongo,SITE_0405,-22.027439096244272,16.813410826630136,40.81010834184245,0.455852621249597,433.97057963335067,2417.358460842688,Severe,23.252606839109028,24.733753401356495,High,conservancy
Erongo,SITE_0406,-26.525192390378013,13.629582384318079,41.66741637231317,0.17368520714983715,1739.6402567227597,1834.987735559841,Severe,13.92272070404578,21.139200398101835,High,commercial
Oshikoto,SITE_0407,-24.080095495322492,19.925405084873425,54.178838988081075,0.14024702127942157,875.3781293654947,570.7028408744673,High,34.960149985507016,18.859463492037236,Normal,commercial
Oshikoto,SITE_0408,-26.8988423697512,18.890973282668437,28.58148485222133,0.37028816096677797,1536.7755857157058,1920.6786169221314,Low,23.918311660289522,41.821538202445225,High,commercial
Kunene,SITE_0409,-26.27924966212119,17.718520685468512,61.74530688261786,0.12445518024334166,1914.5310572969431,1915.5186258228778,Low,6.619253979508934,17.329789473920126,High,commercial
Khomas,SITE_0410,-19.78874874245348,16.24965801051465,73.46063691389514,0.3619646368790913,1400.1394485896885,704.8977125771613,Severe,47.17677984461698,11.422692838437117,Normal,communal
Omaheke,SITE_0411,-17.04560995332516,18.990746469728364,49.24358269196131,0.44882233541123984,1910.4073253767556,3738.7334729339304,Low,6.980198966841769,14.789950979847665,High,conservancy
Erongo,SITE_0412,-17.958202443359273,19.56072786944717,22.267793039901957,0.3020077256627334,1195.7868709521042,2360.2151775864686,Low,33.9615818839756,17.35713359112294,Normal,communal
Khomas,SITE_0413,-22.116398687380908,15.830834313213746,56.67145359899427,0.1486865461686206,1357.0027957309942,2976.260656092293,Moderate,31.933646090266482,13.893779286102241,Normal,commercial
Erongo,SITE_0414,-18.9457231138084,20.47425505987834,53.6236429702867,0.3229342503290679,1768.1143620539165,1794.6598233126685,Low,34.99662894492475,23.03864696643106,Normal,conservancy
Khomas,SITE_0415,-18.277897668819342,15.433114400287542,54.01865117988845,0.3662438773591876,731.0442080614023,920.5822860523194,Severe,25.084230706073583,44.14690127530724,High,communal
Khomas,SITE_0416,-26.945019474046386,16.60457776620622,33.78127301978827,0.19420096757042948,1026.5267740453723,1818.9784453103323,Low,16.880477872679457,18.933937592605066,High,commercial
Omaheke,SITE_0417,-23.691491252936686,19.22324722020406,10.677911379954985,0.6925194788797232,751.2131621306073,3312.085648161353,Severe,48.2908471265902,38.266138364259675,Normal,conservancy
Kavango East,SITE_0418,-21.198283212196834,16.25673221722497,60.727096031304434,0.14953203705733123,1170.4572835005233,4894.896811729068,Severe,18.648327201475418,17.349654036180326,Normal,communal
Otjozondjupa,SITE_0419,-25.890659292722155,18.560440549586975,40.28815839561889,0.2250037972984766,1206.412153287817,1309.0446290351902,High,33.81374762340132,39.13138534390336,High,commercial
Erongo,SITE_0420,-24.955405134836585,18.6097276242645,29.669130434936566,0.2737410078043282,785.8224542330188,4766.148088597828,Moderate,13.950931025682983,14.250708965119234,High,conservancy
Karas,SITE_0421,-22.854394439939693,11.511260748935715,40.50256913566927,0.4344024046763346,133.63430456350912,4291.587963234694,High,7.612878505192687,41.88138115255844,High,conservancy
Oshikoto,SITE_0422,-18.012243545087372,14.275772619372583,12.249934331605735,0.5786606705964419,1868.7390501540162,1099.927679763056,Low,32.0813014591168,12.357305941258987,Normal,commercial
Erongo,SITE_0423,-25.301563145627465,13.533990349796094,23.590010610037574,0.3047554552542459,1998.3224853492293,2439.5260581416087,Low,15.493870890465635,40.918778594109526,High,conservancy
Zambezi,SITE_0424,-24.937464658272606,18.621871101719645,77.44338615702146,0.6904767417117489,1999.8636791880272,4800.028807611586,High,17.665237926542332,31.708129870463015,High,commercial
Khomas,SITE_0425,-19.823441782454083,16.610615135158923,56.76902840622935,0.5810592966379688,1398.3356691474748,3514.71291328255,High,33.9257125504504,28.342496972237754,Normal,conservancy
Hardap,SITE_0426,-22.2574186478756,19.061781104182415,69.24343557301725,0.28091765346456743,386.4838728503171,4006.2594140515907,Severe,6.733328831484324,20.2624874383741,High,commercial
Omaheke,SITE_0427,-17.021160487208824,12.026106556303162,65.38739775743352,0.510230617916118,1223.9706959883417,1332.9653418926505,Moderate,20.677271256337697,30.465174163238327,High,communal
Kavango West,SITE_0428,-23.077140827173643,12.576286366135886,33.70731939697535,0.19580006209029302,1244.3154379685132,2528.724559340174,Moderate,47.547143101383746,26.868117043957596,Normal,communal
Oshana,SITE_0429,-20.659697731716108,12.566072977802259,77.27484818244228,0.5699380459837421,1721.7368361679585,4224.531046686244,Low,34.940474370474135,13.543685647203258,Normal,commercial
Zambezi,SITE_0430,-21.749827714615073,20.095239573893267,17.140274505186355,0.4816148886808215,582.2190802674529,1125.0751651432408,Severe,37.11636994998682,19.191203870613997,Normal,commercial
Zambezi,SITE_0431,-26.705374225749086,16.686165429559804,18.588651669760438,0.3541333572669193,957.5160533999874,3846.2873028525532,Low,42.46933860801021,12.2490322633188,Normal,conservancy
Erongo,SITE_0432,-24.91640522495422,14.055655835564643,70.51234269010962,0.19506691510634347,647.0558250825353,650.9065541524706,Low,25.32285931770894,12.207203104887165,Normal,commercial
Karas,SITE_0433,-26.225876152612596,19.434103674132572,33.761506835461454,0.5196511908707129,281.15235795044975,2734.5889276596345,Severe,33.19833320647315,15.890066103385038,Normal,conservancy
Ohangwena,SITE_0434,-17.958821623013478,11.28994181473658,33.40872213336207,0.2640645190871661,1204.5829530450758,2195.284072561639,Severe,43.63999087600062,11.394487078325481,Normal,communal
Omusati,SITE_0435,-24.108581900079358,18.856324539718816,22.570140446505135,0.6100860592131254,1235.226909916345,1024.1023257225877,Severe,29.50201773913928,26.55006577172027,Normal,commercial
Oshana,SITE_0436,-21.952266360944158,13.283439055813435,24.93667147912149,0.40404102654367713,1486.7947445709965,1650.6767036788203,High,16.529959287585335,24.78945884311448,High,commercial
Kunene,SITE_0437,-20.401819065603455,19.3398935717735,21.395256288756528,0.5885626051838498,1180.4378319667014,4422.76965826961,Severe,44.84717913836012,33.598075526227134,Normal,conservancy
Oshikoto,SITE_0438,-24.05298332023553,13.40460972808316,15.927350913736579,0.6124631103140207,460.2847420502885,3691.6324356975074,Severe,11.732921670019124,24.40781689490916,High,commercial
Erongo,SITE_0439,-26.523426168576563,17.03140105353149,61.49135521092273,0.30690974970267726,247.79693768513658,3587.7070839519615,Severe,45.193089934219906,18.52039658737217,Normal,communal
Otjozondjupa,SITE_0440,-18.438324681003984,18.82499305683121,23.09692360394756,0.38916848007377636,339.6192653577399,3457.879325383921,High,40.16272595564038,32.072367565640334,Normal,communal
Ohangwena,SITE_0441,-20.928615813163177,15.097717181315113,24.77885242051937,0.2598575078508968,639.8127676782465,1280.8831263062436,Severe,30.769010747100232,42.6349889975705,High,communal
Omaheke,SITE_0442,-22.602022565359178,14.991632977464652,59.169929299434365,0.6087981082618101,473.21709976103887,612.895451593141,High,47.322200954268794,21.456270425367777,Normal,communal
Khomas,SITE_0443,-23.02660309789493,12.42093067729488,63.879812546468244,0.520073954191785,1697.8877607201762,1039.3240184543154,High,29.341851262492796,31.6635756545814,High,communal
Karas,SITE_0444,-27.619306101995182,19.640223293584185,43.71199134350422,0.13439096432012748,1417.1247388311,591.2775283063672,Moderate,30.473747450399546,44.255994049136696,High,communal
Otjozondjupa,SITE_0445,-18.785877894388975,17.363626744349787,43.06339474594753,0.21503919451295792,856.020908720835,1153.7362293550939,High,24.756313462048325,41.8573077304367,High,communal
Ohangwena,SITE_0446,-20.882312737515655,13.125996951645554,44.70938504911848,0.5734509816278379,1607.4999546623721,4208.054987306566,Moderate,17.81581855720591,37.591737372268746,High,commercial
Erongo,SITE_0447,-19.554550998693458,19.405683782521347,10.592047435849718,0.5314220736984265,1372.5612281417818,3248.035406418141,High,10.315702124869627,40.22348794789595,High,communal
Kavango West,SITE_0448,-27.231810110604798,15.303189602037587,71.23669171195328,0.41752181416031875,762.7840600167231,3943.699172318613,High,5.405429202494785,37.485921314193774,High,conservancy
Omaheke,SITE_0449,-22.566194678282724,19.039533683909156,26.72062279603634,0.22055746922483155,1118.4816278263959,3732.4564678801366,Severe,5.158591464792869,39.668285398297755,High,conservancy
Kavango East,SITE_0450,-23.43363336455834,20.36055026512053,54.35189058128826,0.34980314356102915,309.7804570088142,1201.2115765320218,High,22.670786809421614,27.77728594286145,High,conservancy
Oshana,SITE_0451,-21.61693741931653,14.803907287991688,31.408210467371507,0.2216692002546645,1747.2569103645421,4252.7008746725605,Moderate,12.279464545462616,36.12703536872181,High,conservancy
Erongo,SITE_0452,-17.794749215080113,14.14365605673811,75.02059736862036,0.15076602162995087,1805.9366050845674,3791.502725076025,Severe,17.436155720925505,35.69230313895227,High,commercial
Oshikoto,SITE_0453,-25.53910977100418,20.267968628516748,20.18756812769463,0.6177137946174982,1506.768143375492,4607.531514156574,Severe,15.622250070816023,20.431756156710975,High,communal
Kavango West,SITE_0454,-26.728709063030273,20.580974054324017,61.074697836707216,0.6137960767342345,1087.5197270983447,886.0922794322383,Severe,17.352979506348774,30.62531179842936,High,communal
Kavango East,SITE_0455,-17.86169318435578,19.88723043498608,28.435553201712118,0.2511300424671709,472.93540626908845,724.9209494755139,Low,42.55467509632256,25.69853564099795,Normal,conservancy
Khomas,SITE_0456,-19.617047591937947,11.697804712650058,22.258983029804092,0.42990243917934845,1470.4903473014926,2137.5534971781135,Severe,36.38962184480013,12.938202666412968,Normal,conservancy
Omusati,SITE_0457,-21.391158565034623,11.706154676147772,62.07894992094622,0.30032103651936837,1634.2849442885038,2309.4472842767664,Moderate,39.402928188762644,12.29657470070513,Normal,conservancy
Oshikoto,SITE_0458,-26.143771231014462,18.983625298834895,41.56324481824814,0.19374912743572625,408.38870771846854,2676.463129820489,Moderate,15.31392345545531,44.85882711171004,High,communal
Kunene,SITE_0459,-17.306743462989907,13.053512789311405,44.96042156105408,0.47945213256590313,1599.404582063415,2267.0948067054214,High,21.162539705187395,30.07357860513296,High,commercial
Kavango West,SITE_0460,-21.739454741677303,11.77941838724971,70.66199755294079,0.10256239253020574,1020.1400556170718,3402.6391942841333,Severe,42.02697033977383,13.21256492912093,Normal,communal
Karas,SITE_0461,-25.73196332792225,15.270894370324775,36.93471801865944,0.1003263750756339,875.5513163494669,4275.081670338041,Low,32.54756232820827,28.55482886756407,Normal,communal
Erongo,SITE_0462,-20.183694486563773,13.595091297737895,20.572456281191588,0.19215144771093473,249.10745651456426,3896.1863046861386,High,31.184026102815373,33.32135955751363,High,communal
Kavango West,SITE_0463,-25.757201218163758,20.26246506881384,51.03768412220214,0.1670411494849809,1456.2702115980287,4236.342964455498,Low,12.574992371763283,32.44816315591797,High,communal
Hardap,SITE_0464,-24.154241419815285,18.515278799943644,64.61812890402388,0.5764884091160373,531.2801849420323,620.645729765562,Severe,40.70878417555366,22.969180402834716,Normal,commercial
Kunene,SITE_0465,-20.428520247239916,18.638455414454384,46.77381194737544,0.5303032918168227,1125.0338459348873,2734.057424826141,High,24.77662461904724,12.640628130114216,Normal,commercial
Oshana,SITE_0466,-23.029509734661676,19.127739451466752,75.31800678558807,0.651477566318808,1408.6883278390364,3173.541968111033,Moderate,30.87339975896577,26.737701064269608,Normal,commercial
Erongo,SITE_0467,-19.0077992869398,16.14599328474376,66.78861732972408,0.15197660175192454,245.45165753519228,1745.3365404342587,Moderate,43.237133583953245,30.8608183561397,Normal,communal
Hardap,SITE_0468,-19.763454209708804,15.420368858528821,42.11007535638532,0.6904246714958219,1306.5667479930228,1395.2484129241084,Moderate,9.95336348787212,24.770447169944486,High,conservancy
Hardap,SITE_0469,-17.74400728704605,19.91938491967013,74.07217007761365,0.6324343551426187,1640.1018450697743,4608.029201870153,Moderate,34.072976374388894,34.21321279834153,High,conservancy
Omaheke,SITE_0470,-23.082296128744765,12.478051439424839,75.975803063516,0.14260360820284868,1526.6054682881836,912.4347466416838,Moderate,26.719491810297008,25.6245921394441,Normal,commercial
Kunene,SITE_0471,-26.36369929529584,15.892738419478354,19.235227254816024,0.5938712503089525,1988.5453863493124,2163.920010058914,High,23.584446286164518,21.079251785207617,Normal,conservancy
Zambezi,SITE_0472,-18.47993287472645,16.588979916024073,49.55622064644699,0.23822455012131935,1466.8140800516987,1285.2035917285052,Severe,41.47202053985376,23.631213555649,Normal,communal
Hardap,SITE_0473,-18.20273025170134,16.041843999279003,61.7196511228793,0.6182471578965396,181.52414914250903,1800.8233874113812,Moderate,44.00475986765355,27.759323731885562,Normal,communal
Kunene,SITE_0474,-24.196789608752063,14.48785287049721,42.676253309783824,0.4230387950812414,313.9506747415627,2744.6980687799783,Low,5.386833467457182,38.58478635517003,High,conservancy
Khomas,SITE_0475,-25.326126552071504,11.590501167791292,53.90260547508866,0.3083738863458625,956.5583104694548,1985.571403487217,Low,33.2652636432435,40.025480222168156,High,communal
Hardap,SITE_0476,-19.67084723167212,16.867893974769167,73.24824770064018,0.5260051739221344,573.1219457202901,2695.7725703413353,Severe,8.949802993030104,26.45484376213762,High,conservancy
Hardap,SITE_0477,-19.397396416268236,18.05786599655637,21.389688412943777,0.35140301685024233,1006.7346715187833,4286.837901075558,Severe,17.392674638282678,26.96849594703844,High,conservancy
Kunene,SITE_0478,-23.03795160163216,18.403760531657884,74.90775723913046,0.5871325892741287,943.9809940236103,2957.269838565662,High,7.516190174690191,39.506078052251794,High,commercial
Kavango West,SITE_0479,-25.12759311341372,15.876016742831592,32.93190317521627,0.12106532611562182,1741.7686043272163,4421.654432930458,Severe,30.468060151197772,40.753676554457144,High,commercial
Kavango West,SITE_0480,-24.267362630964467,16.35864234283636,37.21710814099649,0.2717096569089379,1239.101981852965,3494.0983662934677,Low,48.42982390859062,41.01726540555706,Normal,communal
Karas,SITE_0481,-21.833038997580015,11.791300068930367,62.07965899058739,0.5831379304017991,1733.6227189682832,4496.681752623135,Low,17.219073148930093,43.9745057125489,High,commercial
Omusati,SITE_0482,-23.58317295186904,16.05958785665127,46.47503960209984,0.6602184850823091,505.72446328249055,1249.3479753276588,Low,29.199643236136325,28.34580154355691,Normal,communal
Hardap,SITE_0483,-24.163860448275535,18.18115238738836,79.96740036193972,0.46342588024549947,1527.685643266812,3636.991688774457,Moderate,18.944902570305583,31.3071830139293,High,commercial
Ohangwena,SITE_0484,-27.54720455705874,15.992280443688216,43.642219137411594,0.424100704761205,1006.5406669439766,874.7763202998691,Severe,34.93009349183632,44.28772797831258,High,conservancy
Khomas,SITE_0485,-23.582545685911697,20.39494086411491,58.59337909613982,0.1321699272092457,990.723338138499,3414.981700276312,Low,11.939129807383793,39.31404595846894,High,commercial
Kavango West,SITE_0486,-21.282688230886528,19.34752868470563,47.46801703732564,0.6586151201060335,379.13990243043645,3893.875328228555,Moderate,48.09593597817367,15.008288779058649,Normal,conservancy
Omusati,SITE_0487,-17.345111112524435,18.99312983609768,43.21581475207325,0.34406337214262706,1506.56099428073,1755.3384504985993,Severe,14.196297371845446,10.17226187097696,Normal,commercial
Kavango East,SITE_0488,-20.806925227500553,16.983032390091957,18.02818361217075,0.5071643771933422,1433.773285470271,2483.846370580445,High,19.689814398326345,44.818778815363444,High,commercial
Kavango East,SITE_0489,-24.6556106843207,17.189212347415,29.65093862735567,0.27172042722555606,1713.6954956535556,1966.1753134763903,Low,19.235402256498826,23.29031945462284,High,conservancy
Kunene,SITE_0490,-18.520870071947826,11.332552728331665,73.85241026261279,0.36378629228924386,929.479885900861,4379.172139518127,Low,27.225885076991577,32.56909925508568,High,communal
Oshana,SITE_0491,-25.839538668107664,14.591982444080248,79.94928653459647,0.35513453844238374,506.50042953134914,898.9030677448516,Low,5.142182278402373,19.94779375138548,High,conservancy
Karas,SITE_0492,-20.373595769884737,14.567247133656217,52.80978504980403,0.16853993407249301,1842.0850207355884,4936.278122208846,Moderate,43.304844575097306,18.121432102778144,Normal,commercial
Hardap,SITE_0493,-22.187285258289858,11.187099890530149,55.25362864592516,0.2860769593039807,1716.8276465793708,1209.0388229822988,Low,15.053375407596171,40.45344406450495,High,conservancy
Ohangwena,SITE_0494,-26.868076691511412,16.089609219336644,29.621745680793417,0.36482785373034865,1849.8126632957908,2364.0499627494182,Severe,35.97259913251274,24.83250330212138,Normal,commercial
Hardap,SITE_0495,-26.002957029536717,16.19999044984607,56.47259313578734,0.30045543080086584,620.9316135079655,4705.3138144467885,Moderate,37.193607550029085,22.886454451373474,Normal,commercial
Kavango East,SITE_0496,-17.8529925293589,15.857823169946103,13.713899099872817,0.3759175184262852,490.5698677607578,4486.580897815809,Low,24.224047760291164,21.502556986967303,Normal,conservancy
Omusati,SITE_0497,-21.546837621032545,20.359098218222357,34.00641176289567,0.5218361190399938,465.6881004685596,2394.2319249406455,Moderate,19.858985559073595,26.13270115027131,High,communal
Khomas,SITE_0498,-26.977649203799878,19.337005953431316,35.24068469809322,0.6677167222044151,254.96163098695132,2494.1028781883006,Moderate,33.21982513087798,41.12168819423138,High,conservancy
Hardap,SITE_0499,-25.42050745607731,11.859530807966388,25.892617784207623,0.5752454113227002,389.44852263852306,4880.503378638151,Severe,19.357011036649027,18.22053769376065,Normal,commercial
Khomas,SITE_0500,-26.785668397960105,15.30084535291317,63.73740088846465,0.19117668728408416,1067.2553801815418,2953.4123298467034,Moderate,47.85532325137082,31.984020711487485,Normal,commercial
Hardap,SITE_0501,-18.78424568114796,19.817022113948667,20.037316921455947,0.13381173379684602,1821.3661945288907,1909.4589551803658,Low,47.66602490007657,44.755804438504924,Normal,conservancy
Ohangwena,SITE_0502,-22.409947795415967,18.51611672324583,37.36948622841159,0.39557617426313574,1813.8926572640407,4769.632354970415,High,34.79253550891734,35.91009597539832,High,communal
Ohangwena,SITE_0503,-18.353468233262873,18.08023092305463,20.449741380376903,0.431199373450994,643.8796825659723,2150.7766557300897,High,18.215711716704547,27.122685255984887,High,communal
Oshana,SITE_0504,-19.441257546406984,15.929449786019058,36.60416265408375,0.6429938153725677,1217.8022577093134,2689.589637095223,High,44.01295495478519,15.071180374146444,Normal,commercial
Ohangwena,SITE_0505,-19.520414109522733,19.74724445037618,28.786482026348185,0.16168784165065742,831.7423641800953,2363.8755882202486,Severe,32.761819021092464,36.2749770852337,High,commercial
Erongo,SITE_0506,-21.775908976632845,14.845086089644873,44.80746894277301,0.1319441912045814,419.6083815360394,4988.503213611529,Severe,45.69126531717419,17.33965692266521,Normal,commercial
Oshana,SITE_0507,-24.990485258170718,17.782711146988355,17.56291863016726,0.13519693717805054,871.3368990893905,817.4465060991022,Severe,6.711236173446903,21.489497251826922,High,communal
Kunene,SITE_0508,-20.176279241623938,14.14962338120137,21.433270048557787,0.3540137842395896,709.5513975862096,3995.244215298385,High,10.818992872750467,26.376707588852383,High,commercial
Otjozondjupa,SITE_0509,-27.97772223658163,11.091638419533048,60.410615043531024,0.5472244728210673,1851.6213887611161,1480.0433450787332,Low,23.79553463148115,40.934455169264545,High,communal
Karas,SITE_0510,-20.803478127970468,15.178213952438025,67.26965569142507,0.2800658395667711,1006.8925180246366,1838.293936009069,Low,24.2521715393473,41.30049284375147,High,conservancy
Hardap,SITE_0511,-21.474248204277295,14.801685263428645,71.62530979527037,0.20087836700197942,408.7882659743404,1757.0902981710565,High,49.09085027127019,41.075811219161864,Normal,conservancy
Otjozondjupa,SITE_0512,-19.932396198889208,18.889424467880666,42.417700310568016,0.4717791239009309,1480.4489937434168,4866.055156761767,Low,28.57317436189889,44.79894964268826,High,conservancy
Kavango West,SITE_0513,-25.95213378672787,16.19237386016451,75.53924074803984,0.31929707907655097,1262.077563734896,1670.961364835281,High,35.76684144800066,19.14119638099179,Normal,commercial
Ohangwena,SITE_0514,-26.207617079801445,20.6344286499128,33.13979788865536,0.6727067686033185,1101.5820749294621,4346.149597869511,Moderate,26.170578174910332,25.896329280603197,Normal,commercial
Erongo,SITE_0515,-25.64359214079253,11.775813705335505,15.30109567436498,0.20323973415653418,906.7205765953948,631.2305814206305,Low,12.351828445429458,34.10550520443988,High,conservancy
Hardap,SITE_0516,-17.051655949868156,13.782561334642065,31.799575632536047,0.49974218568046425,1953.3336096578328,3880.594836440769,Low,29.26740441290319,11.479958385188944,Normal,commercial
Kunene,SITE_0517,-20.212802595233917,20.483119686916943,20.829944061761044,0.1335553987473656,1666.8686604438615,1078.3179177618722,Low,14.7635783497837,44.507191720679444,High,conservancy
Zambezi,SITE_0518,-18.219207014432946,12.33451853069735,10.555895614136944,0.11878313826353058,1247.210097529365,2290.0362453452135,Moderate,33.954591599963784,21.111035209742425,Normal,conservancy
Kavango West,SITE_0519,-24.943385809653883,20.366257854682964,74.20341253411968,0.6309529098887489,1099.6719122550408,821.2183176488356,Moderate,40.954747174136564,15.342046813653862,Normal,conservancy
Otjozondjupa,SITE_0520,-21.793800847098087,18.98961124229389,64.67883867026308,0.155156610093706,518.2869715005611,4892.211880170844,Moderate,6.2798757879058815,11.039989105112102,High,communal
Ohangwena,SITE_0521,-20.596789432986238,19.052792753457588,22.39206954627629,0.29789336138909606,1195.061693550904,1101.3990942838964,Low,43.00166318616877,11.755337618601377,Normal,conservancy
Kavango West,SITE_0522,-19.203631377700752,20.686612866984497,17.382686874713574,0.5808043645310327,566.3086518949322,991.5188000731453,Low,25.132393302568293,29.177971232244357,High,conservancy
Ohangwena,SITE_0523,-25.392071237828073,11.908594830905114,47.70367269743539,0.6602563504389465,812.3813385049863,1619.1535781092437,Moderate,30.725485265284966,13.149162486178259,Normal,conservancy
Kavango West,SITE_0524,-20.7757225754301,15.249690095665425,76.36463921247564,0.6414035397945509,1422.0750384176094,828.1689667868102,Severe,36.066924736256894,21.599788011054407,Normal,conservancy
Hardap,SITE_0525,-19.77382403385318,12.601307633494152,68.15998535763492,0.37448305746706323,1090.9152876607006,2539.4130185607155,High,12.452253688983344,37.28344471091323,High,conservancy
Ohangwena,SITE_0526,-23.528334332605656,17.693178645229654,55.864712797442415,0.5490118886576016,181.62377896157057,4620.401305631899,Severe,9.492179809684817,12.373572151718676,High,conservancy
Kunene,SITE_0527,-21.637145765332154,14.290289514652702,20.85657493678925,0.5911879323838491,1177.0743023737218,1662.9300031436426,High,36.748489520356955,19.268242996515227,Normal,communal
Karas,SITE_0528,-19.563998277648793,19.69243315139253,61.50283942470537,0.4686285084940246,861.4542801480408,1145.8685121908911,Moderate,43.02712028999161,35.31243936049197,Normal,communal
Khomas,SITE_0529,-24.818665999507125,14.723950650197123,55.82942003734142,0.14679617376621085,646.7035173734306,3654.0380306487114,Low,38.59289338568485,15.596823208797456,Normal,conservancy
Kunene,SITE_0530,-18.921122660752054,19.592108949574886,76.70150954761371,0.6626131790251085,1422.699600264371,730.7511280545797,High,22.31248950777991,19.427924452869306,Normal,conservancy
Otjozondjupa,SITE_0531,-17.507164063822586,13.175606475955263,14.83660810918173,0.2549161441178496,1213.1175573644525,3914.6380591905577,Moderate,10.141757165994674,44.42037014872554,High,communal
Kavango West,SITE_0532,-24.964220966079047,17.653217812237486,25.331390953661042,0.41652427593616503,1957.2927701031813,1305.6095964867245,High,31.354592946246008,44.95896685263864,High,commercial
Khomas,SITE_0533,-17.148788040198063,16.093516419839766,63.036071081410924,0.4974476094939787,1282.169024596345,3811.4262872028753,High,39.24740287827293,38.150098604785285,Normal,commercial
Hardap,SITE_0534,-21.807579360118627,13.66639080247526,10.79811113473101,0.2422752410148324,270.10314773576033,2811.6960838861064,High,47.990319678631344,41.48257685076133,Normal,communal
Karas,SITE_0535,-20.280416415965203,19.976000017567,20.37129072106704,0.6600887737220067,337.73816040629276,4051.7126194073076,Severe,10.681465655100945,25.959771331375567,High,communal
Oshana,SITE_0536,-20.388108143243095,20.811863512271046,38.92799833385622,0.19141025126755123,490.30390504752575,1646.22487270265,Moderate,19.63493516634414,24.910222163887603,High,communal
Otjozondjupa,SITE_0537,-20.200405365056646,14.208112006597442,66.82053323364016,0.20742514246802052,1429.6515523063028,3856.7212793135773,Moderate,48.60846268032497,38.98402423427352,Normal,commercial
Erongo,SITE_0538,-25.249358426232714,19.968409892706706,33.93614283636471,0.5533563231377991,950.687071434863,2981.3298229236902,High,38.21411398628429,30.937096662991497,Normal,communal
Ohangwena,SITE_0539,-18.56910351348769,17.106397657779297,23.461535132244638,0.496252319094176,1614.4168981925482,547.7989650768327,Severe,47.1302791997775,17.932344353962414,Normal,commercial
Oshikoto,SITE_0540,-26.845685617203536,18.315316966711627,13.632550160866732,0.13469585525698563,1871.6253485822235,2626.5391238692205,Moderate,49.04999714998748,36.468447423784625,Normal,communal
Ohangwena,SITE_0541,-24.654827965905582,20.718829017822383,23.177729801371935,0.3672452141411947,1920.2918674670668,2870.90703753355,Low,42.747264181149134,11.736480409725063,Normal,commercial
Otjozondjupa,SITE_0542,-18.10108869624357,17.763744719159803,57.17146852696248,0.2200450619142685,1113.9110591057583,4390.597971033519,Moderate,44.33126288915534,38.35190830351516,Normal,communal
Oshana,SITE_0543,-25.696432749688327,18.39824514135046,70.47746246914215,0.5915322493472263,1523.116077485237,1889.2177755947769,Severe,27.95472876614579,10.098347588789204,Normal,commercial
Kavango West,SITE_0544,-21.348121214111842,18.67867810549301,56.98992446489218,0.44724984846933347,1677.6840140161241,4372.7072676431835,Low,23.449666955302572,33.73225801700022,High,communal
Ohangwena,SITE_0545,-25.989551258233668,15.205408658389869,55.527973566237236,0.3927519341278034,1299.593481011803,1666.6710240397676,Severe,28.404481920733886,44.088021179010056,High,commercial
Khomas,SITE_0546,-25.377220479897744,14.741520013792048,12.385920145399517,0.6174699008484829,1828.793740962484,1737.610520343163,Severe,21.628898925896742,27.82163791666884,High,communal
Kavango East,SITE_0547,-19.027985657179528,19.632614134811284,60.623968507067694,0.45710061907934096,1510.6939936455258,1062.8164423265398,Severe,48.40833902339901,32.35724541312294,Normal,conservancy
Oshana,SITE_0548,-18.80102498844588,18.92242301191073,54.120544175537674,0.11419605559175315,1850.8340751291994,1348.1657582357886,Severe,28.32705982567767,40.610497312144616,High,communal
Oshikoto,SITE_0549,-24.66945541857598,19.944938093010634,15.087338506239886,0.2243602050598147,1419.9403873991112,4269.65028607358,Severe,8.914140928816353,30.235157383381186,High,communal
Erongo,SITE_0550,-20.520867798352292,18.458472666070286,29.736848707373177,0.2621909786884879,1691.3514963871592,3457.3308604942968,Low,41.20153105984743,11.152472081008009,Normal,commercial
Erongo,SITE_0551,-23.221984475594528,20.230590925219424,78.47253580040697,0.5507170387259572,172.22437151114946,1758.4387958655143,Low,31.162594014593854,38.96900152426938,High,commercial
Kavango West,SITE_0552,-27.562778364146315,16.743593984785655,10.051227150975713,0.46780475159407175,1774.7211963225645,1601.5536058525922,Severe,17.407809800476073,18.813911790813833,High,commercial
Oshana,SITE_0553,-17.422376106244414,17.034907820079013,65.38019817389906,0.4807395634180517,1797.8831433545774,1057.5510494557961,High,30.50694983824005,44.51502431298029,High,commercial
Kunene,SITE_0554,-25.256553620810223,20.710674663698548,47.14302403602329,0.39806836833115633,472.69734193719614,4973.930313016958,High,13.174056308032299,19.554199002028227,High,communal
Otjozondjupa,SITE_0555,-20.843159003869577,18.597936849223213,10.617181431763406,0.3451795545009413,431.3416047300525,2681.94798383854,Low,37.32978108957564,12.244607468987763,Normal,commercial
Oshikoto,SITE_0556,-22.741197617664547,11.080095087624406,16.90279855255305,0.6595471158610159,1250.8128194412639,4632.332372370776,High,34.30818888081612,20.980254338564848,Normal,communal
Kunene,SITE_0557,-23.9619907641343,14.602568303517621,44.69896866473334,0.21593706684171304,382.3009827093147,1161.0554586351846,Severe,18.505126526912434,10.351542126586306,Normal,conservancy
Karas,SITE_0558,-19.050446510211728,15.58382709611149,67.92938922619184,0.271641367312782,1275.8257702971086,663.4369164625697,Low,42.56701301503563,12.068658197264295,Normal,commercial
Erongo,SITE_0559,-21.76552551020863,20.109818920606727,72.16473094049914,0.11079632128864295,775.0344252726579,1210.0894432934083,Severe,9.368866091075372,34.90587809201641,High,commercial
Omaheke,SITE_0560,-21.372383427979788,15.97564022511022,30.97215883141348,0.4090092865355829,1532.0402062373064,1106.6649001246965,High,41.26814785917265,10.39855265689246,Normal,communal
Hardap,SITE_0561,-24.944770719028668,14.884791992856847,70.0708921320136,0.5534942064068779,726.9102549507268,4564.739546253275,Low,9.278287247573216,34.19889634157754,High,commercial
Khomas,SITE_0562,-23.259874403214322,15.522310587672383,19.84022962361788,0.6832320652594792,1371.6496657773291,4967.073242427285,Moderate,42.96937301604869,30.214316339477158,Normal,conservancy
Khomas,SITE_0563,-26.11805222812029,18.17434509462145,50.23796693822208,0.2793931277548532,722.9925607592372,4514.332853765025,High,44.10165421050051,42.851837435069775,Normal,communal
Oshikoto,SITE_0564,-27.65585066440969,12.482899518020417,45.452767383960584,0.6510820471002127,1477.1340393688486,3122.0945157691317,Moderate,27.848389052510758,14.94470588756454,Normal,communal
Khomas,SITE_0565,-21.967834332549067,18.974164132050646,37.724829476962356,0.32104372271524284,1084.3439044525153,3812.447624845522,Severe,42.092163197493925,20.2887596592932,Normal,commercial
Omusati,SITE_0566,-20.189252819943587,12.833778813626594,13.26484615077469,0.2920443743060184,1977.364630307229,3106.3670387677926,Low,9.711446194084377,40.57455080425304,High,communal
Ohangwena,SITE_0567,-23.721000713953856,15.37302576625699,33.94845437986864,0.4068365281325439,133.6801501163436,3271.685929501423,Moderate,32.40634191854976,40.393948848590966,High,commercial
Omaheke,SITE_0568,-21.01787696747465,17.839583122616258,77.94906979755122,0.6438087967606668,343.79038664765335,3435.8013544994124,Severe,16.808974507815208,35.50524568666587,High,communal
Ohangwena,SITE_0569,-22.933296897816994,14.881438025089732,11.849364890782935,0.36712264803419037,1824.187908047301,4866.306446239915,High,11.293444291278467,38.53271762687255,High,conservancy
Ohangwena,SITE_0570,-20.189991797507712,11.198423621041805,39.96986462189054,0.6504139789041512,1485.8712604261827,1867.5840243863076,Severe,47.349005535653156,16.420366911838276,Normal,commercial
Zambezi,SITE_0571,-25.806275626909688,11.541653596586576,49.235994836494214,0.597968906718517,1746.624527221572,2398.114095865298,Moderate,6.9879463717079275,14.964263523758708,High,commercial
Oshikoto,SITE_0572,-18.11856399438452,18.000877248419712,71.0680039978783,0.22991033775945788,1652.5412848272952,4868.684896008718,Severe,19.317440448480184,39.99011517920821,High,commercial
Erongo,SITE_0573,-26.697398250263298,18.113313806402637,34.22274283591763,0.45115836991435965,653.8361115478505,4431.667405728564,Moderate,7.846889873134554,41.49590879817897,High,conservancy
Kavango East,SITE_0574,-17.8873042667486,18.976984823093936,64.20728965938821,0.6405827594549188,1609.2549450870722,2402.935637881899,Moderate,15.225491968669388,16.279826252502758,High,communal
Ohangwena,SITE_0575,-23.304284103187413,17.451263230143603,28.909982037374526,0.33434653128426894,1264.505189537026,4852.061862474423,Moderate,20.352854422127237,11.061502025854917,Normal,communal
Omusati,SITE_0576,-22.673203812417647,19.162186473325143,10.06294227781086,0.37851385140479754,284.0031535165432,3076.138916612816,Severe,18.513888017837356,21.252710160765616,High,communal
Oshikoto,SITE_0577,-18.07195912569808,18.082203410973957,23.033025113136993,0.4050249132981023,1932.4675037485374,589.2479960264511,Severe,25.961411198497782,26.801564290832168,High,conservancy
Karas,SITE_0578,-19.458810514017046,20.668208417175446,17.42086885480125,0.26165432145716017,292.37954921308415,3200.2118139213158,Low,49.41953332762008,35.42907775689858,Normal,communal
Omusati,SITE_0579,-26.796517597452485,17.788877572911296,41.30632460835668,0.10809209582317506,215.3512166051109,2711.890392442637,Low,39.49704275641897,29.86664256701098,Normal,communal
Omusati,SITE_0580,-26.611329292806982,20.838299901938257,49.49983223559444,0.3704285095427188,1136.373443105863,4256.648493240162,High,37.11181362699723,42.47154909091743,High,conservancy
Karas,SITE_0581,-19.079384788837014,12.495240306750777,56.3865151793638,0.2700778465917683,1167.4771163440641,2115.975624955286,Moderate,45.0646519797628,43.85800654547822,Normal,conservancy
Ohangwena,SITE_0582,-17.754933412302087,12.968530244074671,23.064691835653548,0.5166920398660725,1781.7544591272583,910.2540054835167,High,16.11093833999803,22.92480184909616,High,commercial
Omusati,SITE_0583,-17.447312173984514,16.396258188971295,53.5038819383188,0.6747159757860398,1065.49290133886,743.2799589723293,High,22.01754914419323,26.70524778586565,High,conservancy
Karas,SITE_0584,-26.926706160852337,14.605877625872612,21.30065329451714,0.18655355578857014,1118.773381175797,3149.355593250296,Low,20.35068663645076,25.00631695952256,High,communal
Kavango East,SITE_0585,-21.94607805823152,13.277060491810428,77.59048170425444,0.5826510332024798,1177.1552972836462,1154.7770217716497,High,46.95554446486738,43.410501213091486,Normal,commercial
Khomas,SITE_0586,-19.104468421064308,19.019206663885484,11.307369465150753,0.15158003025401506,422.0908573907209,1319.0966145640373,Severe,45.853063087256686,10.06386905715865,Normal,communal
Kavango West,SITE_0587,-20.017551186419702,12.130695751763536,18.66909498649928,0.11412399291228965,1438.6968738136634,2970.929330834976,Low,9.045028428256535,11.23076156757625,High,conservancy
Erongo,SITE_0588,-20.07859999987805,15.189273492332442,79.24222840664423,0.27615934846233225,501.2474243080167,3511.045083544684,Severe,42.04724667785877,18.449711613207448,Normal,conservancy
Erongo,SITE_0589,-27.26503285771243,20.848830125252555,66.19254639247265,0.6344919769231823,937.3788702813848,1758.2158583073542,Low,15.321873970395213,23.2279696900957,High,conservancy
Kavango West,SITE_0590,-19.34178853129717,13.541692969822874,55.89279039206908,0.38191696399466,1867.5693297839227,4192.775009107395,Low,18.389181414897063,17.309247469847584,Normal,conservancy
Oshana,SITE_0591,-19.712523143620842,13.798799200768578,31.94318045677619,0.2357161017628992,1736.3280252885866,1756.150115246182,Moderate,30.750898512316194,20.299349422210774,Normal,commercial
Oshana,SITE_0592,-25.174716670604486,15.492997827189019,35.740914760487215,0.3043769828565843,841.1273522446708,4462.82620933175,High,12.092161321562452,10.633393080935893,Normal,communal
Zambezi,SITE_0593,-25.608565995945657,18.619780687989845,39.30009165415463,0.4757232170827008,1895.795012930413,2747.851989696243,Moderate,44.48967925830683,35.5694997465122,Normal,commercial
Karas,SITE_0594,-17.60032074966886,11.256281019423366,56.84381800299334,0.258467908423052,573.8479513692002,2999.731940512128,Moderate,28.97844170110371,10.131465783867098,Normal,conservancy
Ohangwena,SITE_0595,-19.69110908791999,17.230463727427004,79.28609097590385,0.5442003698242509,1644.4815664570322,1327.401937867928,Moderate,29.025370485336104,17.73221188523283,Normal,communal
Omusati,SITE_0596,-19.79432732254302,15.67172598165266,26.994075315576726,0.10671148325530964,927.874063860839,2344.3596022099437,High,5.570082779812042,40.10092600762305,High,communal
Khomas,SITE_0597,-22.226397050264872,18.04527189409604,49.513481949598194,0.579766098589904,1440.2287244646297,3614.1232098359596,Moderate,17.02854872456183,27.904285577941305,High,communal
Oshana,SITE_0598,-19.239489442965677,18.45409054676182,69.64380237466864,0.2651461990913667,239.41850758358837,3704.6763413994413,Severe,31.972429122389407,41.198161361795066,High,conservancy
Oshana,SITE_0599,-23.491470251968067,14.754637035944352,60.151121240614565,0.4481454032903478,297.0895977599665,581.8701563638941,High,48.60044699365702,30.650513508252562,Normal,commercial
Hardap,SITE_0600,-24.2784057697175,20.623902064070503,33.86568768469658,0.268982904313961,1163.2032742031417,1349.46973069859,Severe,20.990622431246866,31.793973289061064,High,conservancy
Oshikoto,SITE_0601,-19.201309914987213,14.76450202280838,79.28310637246057,0.6388427525745235,1592.3907150617183,3782.4003884309263,Severe,33.92956975172779,34.01217355510199,High,communal
Otjozondjupa,SITE_0602,-25.703898809234413,15.941181626491057,16.475674680672775,0.5941256465811708,629.2082782784821,1235.4565310754665,Moderate,7.3918994690654305,17.341599618021732,High,conservancy
Omusati,SITE_0603,-18.281738843988933,19.029404119684017,18.564197712134145,0.32483043101642856,566.7896608404254,1275.7611092014124,High,41.059399401774385,34.47350030628574,Normal,conservancy
Kunene,SITE_0604,-18.146771473232732,16.757510956693167,38.39294625570745,0.5490478163600593,690.689038266047,4607.021312348138,High,33.884828305118575,15.613963275366512,Normal,communal
Omusati,SITE_0605,-22.083287187228407,17.674752661403843,71.5346242343533,0.42163093846149535,1739.297736384661,4783.248958128196,Moderate,46.03602691251614,28.32561517323785,Normal,conservancy
Kavango West,SITE_0606,-26.48754103401932,17.00894455665336,69.92752525838634,0.30785545305940765,598.7871053442769,3275.661784681183,Moderate,15.273010464914275,13.541368136442335,Normal,conservancy
Otjozondjupa,SITE_0607,-26.333742735083337,14.421850246227583,73.8432335258937,0.5504675172172968,1289.6848468871965,544.2630647765202,Severe,37.429310103571666,21.34276586623011,Normal,conservancy
Zambezi,SITE_0608,-17.871949062858054,13.469785230633644,11.421440339909202,0.5399622531321427,1443.6531772674025,3640.3113964331087,Moderate,12.86111204590453,24.902231124061817,High,communal
Omusati,SITE_0609,-27.379297979646534,14.456768149207047,38.71949640015171,0.19489532989489783,386.0803146848207,2405.3607822866693,Severe,6.009649054119976,39.055521985405846,High,conservancy
Ohangwena,SITE_0610,-20.557130971711818,19.634841160261004,53.854690432076865,0.4379051811852307,356.5343154654596,1298.4992876445303,High,25.05509624836051,16.027054492665705,Normal,commercial
Omaheke,SITE_0611,-21.85457097330253,16.521275955975767,69.93826360241934,0.6512134497711599,762.0985217399641,4840.068290966886,Low,32.254968255814205,11.767120872272272,Normal,commercial
Kunene,SITE_0612,-17.50280362483483,12.37803147704137,48.65295365115045,0.4579948405651538,1459.9107325188652,3975.632611583634,High,35.85691933614372,11.794032937780726,Normal,conservancy
Oshikoto,SITE_0613,-27.03270253772171,12.344742966235975,77.10533177782683,0.5715763813643362,1871.2180209217136,4672.120776099667,High,46.43971897001634,11.401952988260147,Normal,commercial
Khomas,SITE_0614,-25.36339796598676,14.071141038204624,42.87509756328825,0.4218477159813192,1286.6658912605228,2393.031696453081,Moderate,49.27915880427588,32.37412105140102,Normal,commercial
Otjozondjupa,SITE_0615,-24.497656337209186,19.89969006896552,61.7027442896619,0.6336011561613029,857.5830763669541,2342.0659593806677,Severe,26.150507835740644,13.370285839957791,Normal,communal
Omaheke,SITE_0616,-26.604668553823565,11.812074394510674,47.171549106820386,0.15922206975653358,1422.4235849483011,2813.1168033211297,Severe,14.203228238932358,40.301379527888514,High,conservancy
Kavango East,SITE_0617,-20.15926657117764,17.88349287105324,23.809071240452823,0.18258833109232453,949.5127846202207,2298.058487401113,Moderate,36.06485758009225,26.64615010194211,Normal,communal
Oshikoto,SITE_0618,-20.772589177317244,16.893681887146794,24.807768162926692,0.5184492570422493,1444.5009656041684,2964.727899795575,Moderate,24.075205184554807,42.40737748691524,High,commercial
Kunene,SITE_0619,-19.768399430470122,15.94139698616722,45.66299810555112,0.5833156942966401,1927.839379724866,808.7330890424125,Moderate,40.017546576659996,39.96059745869246,Normal,communal
Omaheke,SITE_0620,-20.912914074350642,12.833617707278192,79.33259287510222,0.37689725842058364,1242.6738064310205,2488.5225588649973,Severe,15.334926404718397,33.22219805601065,High,commercial
Khomas,SITE_0621,-21.559425064032816,14.922817285440894,18.220783462890015,0.5498217843686407,434.9771290454045,2842.05563072291,Moderate,49.20393065562724,24.076136959280422,Normal,communal
Ohangwena,SITE_0622,-22.237368324562468,11.740496455133519,52.0547685899695,0.13761292436551092,1485.9755650004909,4690.501198653229,Low,25.918737041966477,25.53195140118933,Normal,conservancy
Oshana,SITE_0623,-20.38579562394371,11.664664746315356,55.47000258849438,0.4277848873231902,1869.1633411557716,2872.414929580973,Low,12.683343713619509,18.89488571094354,High,communal
Oshana,SITE_0624,-20.670721702435777,20.23966052525921,64.5704691625469,0.49099696961249595,1903.4933396281597,4976.679003577908,Severe,47.777759391070575,40.119533251895604,Normal,conservancy
Kavango East,SITE_0625,-18.806118618714883,11.493093804349787,48.873367525754844,0.4150624399660511,700.4099525960897,4934.346725373467,Severe,47.29728678073624,34.1058532322906,Normal,conservancy
Zambezi,SITE_0626,-24.736293258246164,14.087716478659793,50.90155626558681,0.5940342463135397,1639.4138434880326,1672.626874854489,Moderate,20.95930742500397,27.46385785143049,High,conservancy
Otjozondjupa,SITE_0627,-18.902205015991683,12.121558091471787,67.4572813497977,0.11859089611723383,1529.607894071286,3891.1514825684762,Moderate,29.536842250054125,22.126397880660893,Normal,commercial
Khomas,SITE_0628,-25.788161155714775,20.240570799699725,71.64235104776498,0.5157094144785126,1615.6629501355815,4990.132305768381,Low,13.883164146661878,14.337979232444066,High,conservancy
Hardap,SITE_0629,-18.158458922514008,15.083661858620928,28.865752172692286,0.4206198184340352,994.409744970959,3081.485128448825,Severe,45.799036837958106,13.889211860376937,Normal,communal
Khomas,SITE_0630,-20.413643831186533,20.117589982878968,36.40688949788555,0.5363595714463897,1398.0776349505918,4516.867065679289,Severe,26.116039595986376,35.93253020570279,High,communal
Hardap,SITE_0631,-18.08340858878356,11.889705282778312,58.916606297876456,0.6936795217532891,1778.8483730665953,3737.8182081537548,Severe,44.153184264625175,40.145211669422274,Normal,communal
Karas,SITE_0632,-22.16652741509688,20.19465736638586,25.264956650591152,0.3891745321173121,1367.6019077571464,3496.1071316358066,Moderate,41.157048250886355,20.174687182109203,Normal,communal
Kavango West,SITE_0633,-21.22043590585093,14.449063282592338,68.35653821747658,0.34670431372295923,884.1453675398552,4315.400641420567,High,8.655818301052703,36.55724609634266,High,commercial
Zambezi,SITE_0634,-26.858250081240012,13.067084578486348,52.04921567687782,0.3939466301205665,1406.7249726201205,1255.7687364305575,Severe,43.3039489869176,38.77793899786744,Normal,commercial
Zambezi,SITE_0635,-21.30155268998469,19.70827073434302,21.511080731182386,0.437209047042858,481.58711169080163,1370.7445375963907,Moderate,29.444127632338958,41.939812265160185,High,conservancy
Otjozondjupa,SITE_0636,-19.37205963945388,11.011556884445083,76.50708768105287,0.15167808715100778,793.5876778397089,4995.708615662771,High,6.864746689219946,18.87480214064199,High,conservancy
Hardap,SITE_0637,-17.831337301979797,16.396608011388377,43.59741426037848,0.6789936245161653,1599.5632699893101,761.625471962974,Severe,9.337413406549558,29.61719011603162,High,conservancy
Zambezi,SITE_0638,-27.047994994727766,17.516913657837772,52.57691949501261,0.6734220584090475,587.4804584407445,952.5628722794945,High,34.5093081834482,32.92701718033871,Normal,communal
Kavango East,SITE_0639,-22.33177084537783,20.031476118853295,41.377046359055086,0.48101215853084023,1040.115020503471,4846.744418944406,Severe,25.857926166896327,23.719134946584173,Normal,commercial
Zambezi,SITE_0640,-20.005543916923063,16.61955156047548,46.09498801642308,0.18394874944154063,373.5974754033253,2439.2721518988355,Moderate,28.608781718624467,19.57072427174804,Normal,communal
Ohangwena,SITE_0641,-17.41203200339512,12.404063938149658,27.646081899183034,0.35306113709823705,642.0315682212573,771.8714864003828,Severe,13.891533207860453,27.13151545094044,High,conservancy
Zambezi,SITE_0642,-22.762875913794986,19.86349099981502,27.009339960711166,0.1438935535005908,1589.5755989243034,2473.969764199199,Low,45.616782683523375,33.65329248932228,Normal,conservancy
Oshana,SITE_0643,-25.556401941531803,20.93919675134417,22.780338424119073,0.6780442420742481,1654.1166489854954,1460.460324780457,Severe,11.818936956898524,38.29459441175875,High,commercial
Ohangwena,SITE_0644,-21.58438231472863,20.887348971564524,65.30998209321442,0.17118803141700067,963.8139571730824,4335.014611486869,High,22.5543124268245,29.19913769564451,High,commercial
Ohangwena,SITE_0645,-25.374368728075776,15.60771792712561,48.39443885156394,0.32240672211310206,785.8696860025317,1771.1517987470045,Low,31.838882781833124,44.4654439222699,High,communal
Otjozondjupa,SITE_0646,-21.46071623224555,17.867992546743103,10.688912329012206,0.10579607877397329,135.19612369448035,1589.079875311238,Moderate,13.854079808262405,37.915005828474584,High,communal
Ohangwena,SITE_0647,-24.855883289201085,12.671806687951667,76.35220998681231,0.5212416026658454,1741.543722895419,4542.395209034081,Low,14.71312104125866,18.089311148830944,High,communal
Khomas,SITE_0648,-25.47935467978819,16.13784140582201,51.659194014236434,0.5447497737559815,404.9538610188618,579.805467819914,Low,32.73330029325235,11.488854089089894,Normal,commercial
Ohangwena,SITE_0649,-22.941919492339537,18.301153440269516,61.33364762812323,0.5745616941216968,643.9158723683094,4384.281320624832,Moderate,26.26762354668728,17.854672745554282,Normal,communal
Oshana,SITE_0650,-26.63587242281128,19.1251617098636,14.05896395659083,0.5691226401457999,189.00563454013593,4259.49832378302,High,47.67682086132476,19.439036860502505,Normal,conservancy
Zambezi,SITE_0651,-20.578959980281052,12.98845388429527,13.498466517148982,0.334891709799496,789.2598655202224,773.7957293351565,Severe,5.064271397651817,37.18560784217114,High,commercial
Otjozondjupa,SITE_0652,-23.201414621419588,15.890737329944784,15.08061807083979,0.657411990345148,337.8343373815495,4676.4768726946695,Severe,32.48138189608413,18.319287408020067,Normal,communal
Oshikoto,SITE_0653,-26.174101755772124,18.468215162467242,78.41561172409159,0.4118677243764173,474.7058508333407,4402.638019016629,High,36.75239187110543,37.98134170162803,High,communal
Kavango West,SITE_0654,-24.385292764276038,20.942437595308217,29.891857987596964,0.35767473127239724,1810.4593618919755,2629.879326681687,Low,44.12584950693076,34.152604235684024,Normal,commercial
Omusati,SITE_0655,-26.386174879252813,18.105209961156078,49.26742579045537,0.2487513178478843,1688.5031078135885,2702.2268008266115,Low,13.651798732882169,20.619037884419257,High,conservancy
Otjozondjupa,SITE_0656,-23.848274414962766,17.200790266388818,25.291718638475544,0.34667995600053236,1065.3127951014012,711.1138285832741,Moderate,42.709365590660774,39.21344932316864,Normal,conservancy
Zambezi,SITE_0657,-27.959253289416317,20.71784529327183,44.23843931660686,0.5367361488493267,1954.3573844152793,4160.025815670769,High,48.68607495443165,21.38932318352491,Normal,communal
Kavango West,SITE_0658,-18.45207000575376,18.622309596572165,40.50101534588782,0.5367384928105573,1195.5395437586285,4371.224192725992,High,30.67056352530939,41.6423013250338,High,commercial
Kavango East,SITE_0659,-25.853157684675843,15.528067831088753,50.46320019915118,0.49145549628051377,1668.8759377882895,3079.06440965809,Severe,31.289442821504853,21.798198123612643,Normal,commercial
Khomas,SITE_0660,-24.178680196003175,14.851463938246924,72.60380399720543,0.5022714750928057,897.108326418034,4955.255776537488,High,30.434138211885145,16.11797714884,Normal,conservancy
Ohangwena,SITE_0661,-21.006623096800077,17.544935941971822,75.57995192548985,0.12109408558754803,1766.9551423244948,532.2046771356659,Severe,30.175322621589785,27.42266716529074,Normal,conservancy
Zambezi,SITE_0662,-26.405583365088557,18.181769389229586,46.346285754659945,0.4155319120362865,150.2386265707957,1843.613636415046,Low,42.579850609141296,16.207907731160198,Normal,conservancy
Ohangwena,SITE_0663,-23.092533902993523,14.47478481663045,20.93549485706023,0.6050300704702637,1827.1199634705451,4627.229853963104,High,31.391957898298553,43.43144346060605,High,commercial
Oshana,SITE_0664,-19.272370423401046,18.600743591334663,69.93657368627042,0.10215057292911618,1354.3385615443951,2919.1641300634883,Low,18.77533128505651,34.516710701352736,High,commercial
Omaheke,SITE_0665,-18.32723089814311,20.629716713484363,38.23458393792808,0.16092361527778104,1990.860619134791,1255.6135655415417,Moderate,5.798631438784697,18.371911133356043,High,conservancy
Oshikoto,SITE_0666,-22.397506336734804,14.189419626213555,47.86041836628733,0.4775448022614789,349.65274178136497,1129.258041298185,Severe,13.02411059525419,23.335044104927796,High,conservancy
Khomas,SITE_0667,-22.60202504798135,20.80346737129387,76.24711427603921,0.5070051998274243,422.07701692359194,1097.3032473881756,Low,19.746559307649616,20.15329759840202,High,commercial
Ohangwena,SITE_0668,-24.77369443695111,19.856506089936616,10.307621004383039,0.564766198847485,205.62605263445897,3033.9270572663927,High,40.13911911700443,24.304337929208145,Normal,commercial
Omaheke,SITE_0669,-20.61054272479998,14.079538887664858,14.542960580602777,0.5503612938353647,691.2970949193558,3019.6546359287327,Low,30.468665451628407,20.75774643168901,Normal,conservancy
Kunene,SITE_0670,-19.44500924102706,16.479709054697025,53.94000054052962,0.5506217381990195,400.61024112521704,3789.423612783744,High,35.30381207866016,42.56378372943444,High,conservancy
Kunene,SITE_0671,-17.34814731184609,16.80212064493852,33.043581200483004,0.15061484915625523,514.3069160655111,1052.237128383079,High,25.054568088053223,39.67230399593316,High,commercial
Zambezi,SITE_0672,-19.035116750399,20.360438279073833,64.84270212653315,0.4450056309031337,1366.9097068854312,3133.67111064288,High,16.894551103238367,38.02011533891718,High,communal
Erongo,SITE_0673,-17.09456366181903,19.16956288653411,54.24212388817399,0.5786809151065135,1371.724920494148,1834.3424328390688,Low,20.920325096457358,40.93735749679577,High,conservancy
Oshikoto,SITE_0674,-17.998943249322256,13.644012425072347,72.1491589989487,0.2502975748981515,1511.4931972451636,917.8342775356876,Moderate,24.24853165405438,33.891996300435665,High,conservancy
Zambezi,SITE_0675,-26.03892134275674,13.45815954381076,28.250180059538565,0.6288633989601949,1718.6719297361071,3496.071122997652,High,17.389773615077765,22.424981771322507,High,commercial
Khomas,SITE_0676,-22.743027676313893,13.221466715599224,34.13210044736144,0.29091248689051336,421.42370144272195,4233.291928218072,Low,25.85918105365977,28.889010568379337,High,commercial
Khomas,SITE_0677,-17.121232798426142,18.865818658015105,22.86665461285166,0.5061295498710706,1998.5733566705774,924.778917222291,Low,35.945243520455776,25.920102000724363,Normal,commercial
Oshana,SITE_0678,-24.29594858623536,16.976362228863643,42.58799240361079,0.3969361248340074,1331.8597116415187,4822.068740391577,Moderate,10.053757395482211,39.29706880706791,High,commercial
Ohangwena,SITE_0679,-22.23459572719741,20.66652834261108,21.588878538757264,0.6379452398146491,541.6695233211445,537.4138989277304,Severe,13.076207285056828,16.69324701705939,High,conservancy
Oshana,SITE_0680,-20.09308921891097,20.884877518655806,70.61566895904528,0.6740976296205256,229.66818978045873,1708.1357850559953,Low,11.544102242130947,19.517266024397514,High,commercial
Kavango East,SITE_0681,-20.790775441173306,14.32227323507544,29.212574201674734,0.5816941228487847,328.0888126812954,1934.973786434612,Severe,6.1971796453081724,44.03700087900012,High,communal
Omaheke,SITE_0682,-20.91610302534861,17.56303459309902,50.236882728756655,0.10836573473433508,1128.471570112824,1182.9992268919946,Low,42.34523822963927,25.88872219794023,Normal,conservancy
Karas,SITE_0683,-25.51361047250863,13.11678421372525,38.769023107564465,0.2588216099215925,403.42937210169845,2610.3663403202777,Severe,8.079569216316468,34.94866145265509,High,communal
Ohangwena,SITE_0684,-22.692765229707977,16.38719258623551,51.31959420998925,0.36860337914780394,1212.4718183555224,1586.0198284011813,Moderate,11.077708364559292,29.462074781595263,High,conservancy
Otjozondjupa,SITE_0685,-18.896894332016835,20.210211844272642,57.610149515105725,0.11262985746116681,153.80489082855038,2060.4636783855967,Moderate,30.403656382072498,22.138084419303354,Normal,conservancy
Kunene,SITE_0686,-27.545685805391667,20.191018579913358,59.9293927201562,0.41488430215890104,1242.1822098992775,3800.0624675455706,Severe,10.857693318306792,32.53473438243063,High,communal
Kunene,SITE_0687,-19.15514911267989,12.013078909475496,11.508890810945445,0.11503806138780931,1780.848808719983,4177.914757709814,Low,35.466073344370976,32.95123770822712,Normal,communal
Karas,SITE_0688,-27.04978829005905,12.981384716603747,76.83034831334733,0.22257355241302243,891.872484857596,2473.7458152775434,High,9.740907974101782,27.368392021949383,High,commercial
Kavango East,SITE_0689,-19.44191497216615,19.63506334277369,58.42359434490712,0.4969494080254032,1999.2184589654473,947.4884492068625,Severe,19.119075097719623,25.553411573259773,High,communal
Kavango East,SITE_0690,-23.749395832271354,11.230505294724235,65.38782465418699,0.19060790055880572,1191.8210225260423,2226.170924106672,Moderate,18.88403995549672,42.616108087646325,High,communal
Kavango East,SITE_0691,-21.62826970251141,13.601816482011598,69.10875178064938,0.4265852599580189,1607.0326091174525,1131.4166962245736,Low,43.16675494642982,43.287479019453365,High,communal
Erongo,SITE_0692,-22.068133737767923,20.321778217817556,37.929910756305134,0.5637755271760071,345.01917481079727,2075.898447667011,Moderate,19.07950773835679,12.984480748949078,Normal,conservancy
Zambezi,SITE_0693,-24.206110907441268,18.63535699717507,31.626174825058495,0.6002246250316351,1701.170652200659,3103.210746056492,Moderate,8.784342266083504,27.52246177584673,High,conservancy
Omaheke,SITE_0694,-19.122457523253992,19.190075791250536,16.26577558847576,0.4639459600915581,941.8020012705358,2224.4749366461365,Moderate,21.747819681336907,20.843271260129328,Normal,commercial
Oshana,SITE_0695,-21.802941269111244,18.617838983326912,25.45896932317894,0.5272941858494792,731.7408187889041,4682.166914145717,Low,14.73931413982562,27.98096592168382,High,commercial
Kunene,SITE_0696,-27.817975903857935,20.211321760250424,43.481070096391626,0.37771577895970443,177.21524425886514,3368.831904024491,Severe,37.87933914642106,41.443691094187436,High,conservancy
Hardap,SITE_0697,-20.714981597020426,12.677709413722864,66.8518623306412,0.5108348906580029,393.23882311000483,3083.03591616272,High,21.69400276236982,18.232237813436882,Normal,communal
Karas,SITE_0698,-26.27950061503313,11.736667969541337,23.776336763363176,0.35644464310836155,716.3016409433401,625.5550423380143,Severe,32.16034132101536,42.983050114984515,High,communal
Khomas,SITE_0699,-26.65363603748929,14.701882961444518,51.96864718745283,0.4281307059507471,715.4601245604225,2168.359364116065,Moderate,36.31272539804084,23.6486257121151,Normal,communal
Karas,SITE_0700,-23.166401326551906,12.527976722685825,46.5984584169154,0.644353003390406,1949.7764098294329,2533.8567251279164,Low,30.063172678754324,13.544111444458558,Normal,commercial
Omusati,SITE_0701,-22.303661629621786,17.768151363564236,67.28737713087996,0.6370400346492198,1493.064724411096,4978.6335563966895,Low,41.533128698065,16.067775318491577,Normal,communal
Oshikoto,SITE_0702,-22.049296546621576,13.829732875867162,75.45753596530491,0.5716352529035761,1037.1439260835343,3947.07347093474,Low,42.59780778196776,25.92466127265624,Normal,conservancy
Kavango East,SITE_0703,-19.46399901003459,18.641106903405337,11.317013793538987,0.3584621455490511,806.672566881109,3658.471498619476,Severe,18.564173458682177,20.816199251012655,High,communal
Khomas,SITE_0704,-17.13145835703325,11.883396472758267,51.80494361839292,0.22806276433613776,323.364024664295,4238.945995426417,Low,42.294353466139164,31.79252939111782,Normal,commercial
Otjozondjupa,SITE_0705,-19.06925242716659,16.881237254015836,57.00205614086796,0.6513855720383737,255.2609556853892,4243.767169560724,Severe,44.80466541096256,24.172449537274694,Normal,commercial
Kavango West,SITE_0706,-18.770165330055363,18.824264893698455,18.465211555181668,0.2816850838603594,1713.450209005963,1643.6827361322573,Severe,5.575738903258619,31.72027045909733,High,communal
Ohangwena,SITE_0707,-21.65337811727447,16.677272682072857,76.03761726568459,0.6242183152391602,971.8023032234471,1410.079183824826,Moderate,33.094718786820025,20.64594362693242,Normal,communal
Kavango West,SITE_0708,-25.59522391226036,11.754988357920267,31.45160433031182,0.10797473372211189,512.3295068190469,3980.9046149409482,Low,43.37695204233051,12.297918237148098,Normal,conservancy
Kavango West,SITE_0709,-27.029099228252218,18.565292223518878,62.576100202113544,0.6842357285686183,240.98276811869908,3789.0007197122727,Moderate,24.01240946664983,32.39219474024449,High,communal
Omaheke,SITE_0710,-22.255381897592137,16.947492998188544,30.57753926829515,0.3844552271135544,304.71930380614685,984.988383109335,Moderate,49.14857710903303,20.900449219291936,Normal,communal
Ohangwena,SITE_0711,-19.255022247663256,20.336278705568354,63.02779563580224,0.4045993428700174,551.9781396375794,2798.959303011905,Moderate,5.664879947512668,19.79103553749807,High,communal
Oshana,SITE_0712,-26.971887980794833,14.069474859061833,35.18760007048956,0.500938925368858,138.98786218550453,2895.5407416633825,High,36.06426893502062,22.420570215114864,Normal,conservancy
Hardap,SITE_0713,-20.06582985807014,13.908719437591806,73.7727608657782,0.3810889464632401,816.3255985966249,1810.8607931239317,High,39.68813388037687,38.74366087625778,Normal,conservancy
Erongo,SITE_0714,-17.874369506645493,20.37861892885377,14.576818355907077,0.669644852595268,1667.1378013522622,1128.3736511217578,Moderate,38.31581726218885,29.32132300254445,Normal,commercial
Omusati,SITE_0715,-23.45231143123071,12.314856327426885,27.65179463015302,0.692858185918594,1804.0285364105164,1438.9722471927266,High,23.048332439941206,40.85724382896088,High,communal
Kavango East,SITE_0716,-27.005354550155538,16.225183017988883,16.934989832596795,0.5013949351562806,351.29595095599916,2588.7769886957144,Moderate,14.820877517705119,33.88956126646026,High,communal
Erongo,SITE_0717,-27.35364117748942,11.898196606411748,16.8954160056815,0.16599954234228353,1585.86285153821,3937.425550209518,Low,12.497348147211229,34.509988616716115,High,commercial
Omaheke,SITE_0718,-20.3343624335343,11.356698845340343,78.71504721515979,0.5289032948394474,1875.89073430718,4208.095119228492,Low,19.057786728105725,36.991204269647156,High,commercial
Kavango East,SITE_0719,-23.077886175535824,14.956290475793919,44.25655051529591,0.6829463479795613,196.7559820276922,913.3910157383333,Low,26.385536261771193,30.5846801184119,High,communal
Hardap,SITE_0720,-17.196733520430634,15.2317984280389,62.408580776062486,0.5286061353649784,1857.8101719633405,1637.6357407361172,Low,27.105686730972693,16.68052473091568,Normal,commercial
Otjozondjupa,SITE_0721,-21.824546411975724,17.034802363975786,43.17615307544119,0.641327230990307,1405.8555297051319,3000.527659927414,Severe,10.466181216746461,31.75968145628817,High,commercial
Kavango West,SITE_0722,-23.851061874834183,18.646605119890268,29.15184189724264,0.4140580909552868,361.0430097353156,4879.157314940032,Severe,35.81488308231033,13.767314859923708,Normal,commercial
Oshana,SITE_0723,-17.96880577544799,16.460826764085365,72.74198003973686,0.6656554170295511,1418.4508888178234,4764.3773919296345,High,7.620620002321231,25.704404686796394,High,conservancy
Karas,SITE_0724,-17.68008786685374,18.15456071322177,17.264501753135796,0.5513258350611205,1245.316149338457,2844.2692288250064,Low,35.41441106980595,30.711930810003004,Normal,commercial
Oshana,SITE_0725,-22.369301230430864,19.40491994175042,40.540567382494686,0.3715703851937865,731.4511472860883,2749.352971818807,High,12.745450640886915,27.922076252048996,High,conservancy
Karas,SITE_0726,-17.776941076893415,16.350450994368142,27.330117776371967,0.6368096019286329,904.7536994874087,1919.7183713845313,Low,10.194266444147509,37.825295726049745,High,conservancy
Oshikoto,SITE_0727,-22.70743047745698,19.981097959511416,69.453347165215,0.1222462019285259,959.8524807063567,2487.8101411176203,Severe,21.69872084584384,20.797237871729955,Normal,commercial
Omusati,SITE_0728,-23.68874116008915,12.591721484293254,37.9539150962991,0.18317290351327487,1413.5819221604386,3206.66342214921,Moderate,37.61325930696919,18.564291811810328,Normal,communal
Erongo,SITE_0729,-21.095638771564683,18.05104772871918,49.971618366858635,0.13836992397518105,1776.0415604399743,2375.374284380853,Severe,7.061318653604635,13.33752543717105,High,communal
Zambezi,SITE_0730,-26.602791748609583,17.570666306273765,68.25887450506677,0.2699785399192917,1156.1252052132672,3964.2171643331776,High,5.567844606482531,19.419360665343632,High,conservancy
Otjozondjupa,SITE_0731,-20.89336125426463,13.797017405740366,19.908795359223998,0.28106810206622446,1506.4889295995833,2776.6944194784237,Low,15.19914290516646,27.551929967059667,High,conservancy
Kavango West,SITE_0732,-25.724158635092113,19.65241468206052,65.0731702839486,0.3221699432452729,1510.7989613428363,2248.4112893032725,High,24.450388702347084,41.505373167773186,High,conservancy
Oshana,SITE_0733,-18.450293202615015,20.13978779868272,59.87589304074559,0.3305713720522328,319.95863938180077,3239.6422115741757,Moderate,32.47180505363859,27.21415896008231,Normal,communal
Zambezi,SITE_0734,-22.702339239595183,17.855366718840138,77.80063056101426,0.40411877236249494,370.71114434518995,2298.125151424027,Low,37.808516719581924,36.312279755937936,Normal,communal
Karas,SITE_0735,-23.875560725901824,19.727231997923532,40.59738514991605,0.22402299789953342,1784.4755497845254,1341.7548101462232,Low,22.131442831466565,31.315869913724146,High,commercial
Hardap,SITE_0736,-17.49818256010468,18.394872249818555,24.475109140364996,0.5517038583651028,330.2551324299079,3210.7718806592984,Low,34.19516188513083,29.788959509888954,Normal,commercial
Kunene,SITE_0737,-18.123932735833968,12.067219695144136,24.338753750816085,0.6974773849203528,212.04059912965974,4013.9284776943605,Low,44.65771001892148,15.074332281081272,Normal,communal
Khomas,SITE_0738,-25.766544126639786,19.5887387956114,29.376115762583666,0.3730775237435806,1390.1280873419596,4566.158165573195,Moderate,21.08773383639447,38.5832711953423,High,communal
Hardap,SITE_0739,-25.995154452614997,17.491648441428886,79.45062176257514,0.3135690939535573,1695.6711505040719,785.8896161707635,High,10.158244982533791,43.077126653546685,High,commercial
Omaheke,SITE_0740,-23.141137825746082,13.894257042254294,39.85462220974764,0.2768380943883831,1477.2823618943744,3073.877637840256,Low,30.397103073401798,22.616790174247274,Normal,conservancy
Karas,SITE_0741,-26.507736257738962,13.91782323285083,73.72904539990495,0.6097378883282343,1965.0487108162017,2213.9243331764083,Moderate,43.21302022658927,40.092143036593036,Normal,commercial
Khomas,SITE_0742,-27.831509825923487,19.26161010010261,79.89765283348459,0.6368331296502702,957.056445815613,3368.609394506909,Low,35.35173002082236,15.00005247994663,Normal,conservancy
Kavango East,SITE_0743,-19.262085626172134,14.095475331149096,56.2972509121757,0.26576428890083087,1526.6861424584558,4625.84626245164,Moderate,14.354767369960603,36.50413756041483,High,commercial
Hardap,SITE_0744,-23.398643779559798,15.49245781573814,20.47581363477316,0.5224207992775461,604.6851914762984,2970.51293979136,Low,15.694075345300574,17.21331006491163,High,commercial
Zambezi,SITE_0745,-26.058133103490626,18.764871637388815,23.248295870154905,0.517229344848321,1431.5127599678365,1726.1885631133134,Moderate,41.75765454666058,10.326104300616812,Normal,communal
Oshana,SITE_0746,-17.596599609014437,18.22263167830923,14.325501833477114,0.36605284496985036,1203.8004079206416,1072.6666860061987,Severe,32.50009100959035,31.76400354542591,Normal,commercial
Kavango East,SITE_0747,-19.146999959495204,14.809189646101476,26.737540346603332,0.10939175915322473,104.94763285084883,1473.140366450749,Moderate,46.12476158082354,15.293320853325543,Normal,commercial
Omusati,SITE_0748,-18.498789138290174,17.6353958187861,40.61911592816166,0.4820753403027451,1799.5101003932905,664.3734424638686,Severe,29.322971057385953,12.088263600281572,Normal,commercial
Khomas,SITE_0749,-27.963629795340413,19.95416687696357,21.635765434823625,0.5400528556583396,1854.0859690562904,2606.2228130249287,Low,47.44813200267917,14.892022227386871,Normal,conservancy
Karas,SITE_0750,-25.562221163986365,18.589878706139068,13.387331959949602,0.6191587826057036,1080.8668378057528,1706.3492653200549,Severe,29.1802767888951,25.904877551284006,Normal,communal
Omusati,SITE_0751,-20.299854458677455,15.25586104414321,43.19842184060396,0.10673138552225586,1110.3677145092627,2915.617311978798,Moderate,21.380706587773055,41.76135390346157,High,conservancy
Karas,SITE_0752,-18.701158117261173,14.214336228124747,17.111695188455872,0.5179627718796641,1033.041356547732,1749.922874537188,Low,8.630528077095402,26.800739824476317,High,communal
Kavango West,SITE_0753,-17.87161441846594,15.514629940205246,59.63828069192377,0.649311282475737,1223.9689363667567,3254.731856278556,Moderate,22.463541404783154,42.0946307922629,High,commercial
Omusati,SITE_0754,-24.893800335904697,13.749889996269506,48.45416359059663,0.51432466068092,654.5782229978805,2929.214530101843,Severe,18.44037520998743,42.021049121121564,High,communal
Erongo,SITE_0755,-24.59185035960603,11.049501195022918,65.18944435075227,0.4808701119295954,965.747314154443,2235.9297087590526,High,24.88423123559078,34.181583266981676,High,conservancy
Kavango East,SITE_0756,-20.83096696421558,19.943950396141414,73.33468477442011,0.29462885680480455,1351.8689184363573,1670.2399694869746,Severe,26.93428029084859,27.61199679111305,High,conservancy
Otjozondjupa,SITE_0757,-22.860381691823743,14.282358452945756,28.534143184967757,0.2944544334873797,115.93078729181028,1754.3341706081112,Severe,34.33643298501538,22.060233574079586,Normal,communal
Ohangwena,SITE_0758,-25.339101625629667,12.594582643974187,58.380835239068894,0.35480189950085417,791.024440817049,4995.6698019716705,Moderate,13.606797206812589,18.126474345907923,High,conservancy
Omusati,SITE_0759,-24.84597581013386,17.54144440016198,27.956040885479464,0.20396005283533572,123.81047006008768,4886.013537042335,Severe,48.37863129422513,21.917275716923278,Normal,conservancy
Hardap,SITE_0760,-18.741832831765258,16.770158505309226,69.56807693362988,0.5829499330631595,1290.5449427179112,2571.942638031256,Moderate,45.48128042780051,17.79404138803923,Normal,communal
Ohangwena,SITE_0761,-24.249854641392368,19.113405680941703,47.63382261038538,0.36480506526071343,1870.3234068057945,1135.6215706096818,High,6.9361807397729365,16.68909428535285,High,communal
Kunene,SITE_0762,-26.403457977041942,11.664057673623295,55.67593852831469,0.41217435114593726,1465.8933037868703,3243.4348856514493,Low,25.78851989160724,17.564611769902093,Normal,commercial
Khomas,SITE_0763,-27.89961172800243,11.438211088048128,76.22997892414938,0.5373217844798778,1063.5385436768904,4033.647579480927,Severe,40.17046350583189,32.41845931931232,Normal,conservancy
Kunene,SITE_0764,-22.943665402288122,16.5853301552276,48.36583491991738,0.5207468908657106,1129.7183287605899,1675.9420782684667,Severe,19.55000371817635,35.04997013119706,High,communal
Kavango East,SITE_0765,-26.632972473712275,18.50895839801218,16.841257781929343,0.20039298871977454,836.6317391821705,1310.437004978698,Severe,33.882361866625146,37.631195010715885,High,communal
Kavango West,SITE_0766,-23.02751810733841,17.936034130018292,36.86758793967654,0.4177064539569002,764.5607292954966,580.8332278337438,Low,5.038757337292573,19.97645788898594,High,commercial
Omusati,SITE_0767,-23.20202870521706,20.532731350129446,25.284001581040215,0.6415336376080083,161.92764714906622,1819.4755426256236,Moderate,8.222689644954569,36.5471744172413,High,communal
Kavango West,SITE_0768,-27.25233131162785,13.550621319634697,77.69607049495701,0.15477914638491988,581.2407968504722,1304.4955101917121,Severe,6.156747800992059,29.59691776473343,High,commercial
Kunene,SITE_0769,-17.049291267843103,20.628058182463317,23.258085245157265,0.26775067339400055,1499.1800855627694,2127.679503693178,Moderate,18.148772207380393,39.14862442468347,High,communal
Omaheke,SITE_0770,-26.54698772423821,11.585198756251188,74.65763860087195,0.4732993497593505,649.6697104697176,4812.924390270721,Low,37.039141743208006,13.921418129950201,Normal,communal
Oshana,SITE_0771,-27.743483267443658,13.180369584671148,79.36443401505333,0.37111678620436295,1665.4279749420455,2789.741382239403,High,25.074595062114653,10.663159457046545,Normal,commercial
Erongo,SITE_0772,-19.721475947677725,15.732172466066231,37.752400834891255,0.16253936125657936,1827.8319371240502,1215.8230733584214,Moderate,33.973288449748324,35.775343878455224,High,commercial
Oshana,SITE_0773,-18.370816678285045,16.45652265260468,38.44324279705343,0.6259218814185927,708.3466348179229,4610.663978937711,Low,24.093910197494946,33.91933633960085,High,communal
Oshana,SITE_0774,-25.49083021496812,13.110235714610198,34.07361883739259,0.6886845074918699,975.8469907041632,839.8682768635329,Low,5.100538347347686,43.738483245588526,High,conservancy
Otjozondjupa,SITE_0775,-20.590122479215974,11.43862621310151,54.96817359078607,0.6896657913453298,1649.6605019822423,3913.4195988909164,High,21.26294829021643,34.63569791182901,High,commercial
Hardap,SITE_0776,-27.599978811453692,13.222800711523345,39.86792654956146,0.22106450566958422,1879.1413592364827,3775.972951779297,High,29.13679944031034,25.95906962004485,Normal,commercial
Otjozondjupa,SITE_0777,-21.113236432395407,16.904373974346825,68.23837470205035,0.3168363772002225,1047.2512293090967,3673.630478918169,Moderate,45.410690023851586,21.94422689470492,Normal,communal
Oshikoto,SITE_0778,-17.958048635795173,16.71136153839482,39.34101089689413,0.28050043633772903,422.3658826909641,1258.278833983442,Severe,28.105536095715436,28.99872139418247,High,communal
Khomas,SITE_0779,-17.035845274856413,18.153034047411985,44.96497867338924,0.5364183697584599,995.4773254189224,872.7340401563313,High,33.13306751990235,20.237410584077182,Normal,communal
Oshana,SITE_0780,-21.03058622786979,17.527841452370197,43.54327342785938,0.6037590056412132,1641.7838276698567,3347.0842095609087,Moderate,14.908894481722657,31.713333082450564,High,commercial
Omaheke,SITE_0781,-23.74862089819583,19.22894891257843,30.66569774737409,0.31967465488545166,356.3134050509954,4770.283627254002,High,10.374474107581008,24.692451829679428,High,commercial
Oshikoto,SITE_0782,-22.813030871528643,20.399366722905853,45.29843969699588,0.5051857019302821,105.70098667451755,1358.2679623787049,High,19.973542421875337,36.00720042028091,High,commercial
Kunene,SITE_0783,-24.595701205459445,17.832345905148237,76.84292814619195,0.25212381420760044,958.4614305442963,4645.046836315726,Severe,8.532970200382302,14.496947118505355,High,communal
Hardap,SITE_0784,-17.311877803103243,17.43800844074987,60.72295485632498,0.5775437170178552,956.209630892739,4582.600934838983,Low,5.8221970421966684,32.63782777561886,High,conservancy
Karas,SITE_0785,-23.45544218307466,17.605142507961798,19.359545454757765,0.21371134306154757,1702.973856627776,2919.171671362866,High,44.8300196757328,38.292147401480605,Normal,conservancy
Khomas,SITE_0786,-20.390703647243548,18.67581145988199,36.5023769753211,0.608235048839408,1417.8463187460372,1388.3807983807021,Low,47.65781653142562,22.794723929999854,Normal,commercial
Kavango West,SITE_0787,-26.010106057988818,11.237052732529827,45.85427391211965,0.34769994488753386,1813.6696342572513,2108.639305101972,Severe,9.375245809140532,41.04646774043475,High,communal
Zambezi,SITE_0788,-19.578385834054934,11.10273994897608,24.761731235655866,0.45959335348308983,873.0988458803853,2618.8262506870074,Low,17.191947617738073,29.39452285814134,High,commercial
Omaheke,SITE_0789,-22.878855202504432,17.31465472812343,67.41754747929176,0.16311704162787005,1230.6845609563159,4679.992801352153,Moderate,17.301106570737925,26.160556519253664,High,conservancy
Otjozondjupa,SITE_0790,-21.389842636156295,17.725336502020934,12.009216504072752,0.2567871335590323,586.1067369374455,1077.6603282525102,Severe,30.057362155799613,23.30083705154137,Normal,communal
Otjozondjupa,SITE_0791,-27.053571923697803,19.183008006670796,72.24693044160958,0.1750114322030583,321.29029352831236,3213.895152399236,High,43.228935072247765,39.464400237430326,Normal,conservancy
Hardap,SITE_0792,-27.815663105820352,14.647101215598187,46.27032755526743,0.12398514727569283,897.9356221097268,1074.0132191986436,Moderate,16.222513452076303,40.591309641767154,High,conservancy
Erongo,SITE_0793,-19.35722766574179,14.842914768797748,38.94983976030019,0.5560624908948774,1802.5619898948762,3434.3059816739074,Severe,12.07944272395562,28.034470684974178,High,conservancy
Khomas,SITE_0794,-27.577505231991918,14.99916616069034,38.11685817829412,0.5074042313761679,1049.4211649426406,4804.356718154678,High,45.22786081317458,32.71184569217633,Normal,communal
Omusati,SITE_0795,-21.189054649191,17.325903410504697,72.28091608571268,0.2672369104504647,1225.421426952112,2039.6794261857663,Low,7.5300963032328365,10.488704810709999,High,conservancy
Oshikoto,SITE_0796,-25.678783583069027,17.445525969327758,57.27429557402522,0.5778556251775573,1407.5180182258719,3595.050026657591,Moderate,42.082881011527256,21.607880452989285,Normal,commercial
Omusati,SITE_0797,-26.623792872978775,14.339889212478194,68.72035161497777,0.6702278259749991,1124.405412121814,3483.342764407348,Low,49.877862489839636,29.79100649405322,Normal,commercial
Erongo,SITE_0798,-27.542045577858936,13.396218899408224,79.72026448801194,0.3477720458071216,150.49293562779508,1043.2404510591314,Severe,42.136208104618404,12.04157414610529,Normal,commercial
Erongo,SITE_0799,-23.650753856528862,18.771911100650886,18.02142079520294,0.17294797732475392,860.3265027960141,1369.221115653601,Severe,24.202556569847413,42.25430738573287,High,communal
Kavango West,SITE_0800,-19.722894778608755,16.44502119400793,76.66982377228479,0.35147982478747075,778.0726675926627,4750.453147504445,Severe,12.915267661276662,40.29187234698905,High,commercial
Khomas,SITE_0801,-23.43127053222322,11.394970999459122,52.81443680237139,0.30818854576135696,598.6403817035456,4494.568861607349,High,8.735313056206067,23.932732761645756,High,conservancy
Karas,SITE_0802,-24.823446538791664,18.163836044066493,38.90228508324917,0.6055333724514332,437.3703134453432,3737.6711277303725,Severe,6.915672568182263,28.793920499377876,High,conservancy
Erongo,SITE_0803,-25.16041826577538,17.373509120526457,39.53183360451561,0.24028689641726525,1555.551954655486,663.7834769693458,Moderate,41.93911132408432,32.93271254173333,Normal,conservancy
Oshana,SITE_0804,-18.373463903245405,19.085462926317344,68.52782308799559,0.18059417344892037,1854.6175633009755,3661.9460305968646,Moderate,12.090994651450295,12.836756896972622,High,communal
Omusati,SITE_0805,-18.14522036901596,11.992091775552424,79.62613954255566,0.1279741948995956,634.4956848772293,2087.2196306407495,Severe,27.004978576512276,17.453051529532893,Normal,conservancy
Kavango West,SITE_0806,-26.38510155956164,16.73492039625722,37.559166768849906,0.45354606659025765,665.1533297164543,4997.795927637269,Moderate,26.395633566984802,14.991843497169455,Normal,communal
Omaheke,SITE_0807,-17.292057012085102,15.772520659571194,20.963815550870876,0.3344081595354714,1451.9153212192618,4205.181623799995,Severe,31.565663664244862,10.190550334088709,Normal,commercial
Kunene,SITE_0808,-25.433964064475663,14.941177905028457,12.265497154857243,0.6310649827812873,1973.2934735325323,2885.7082339582003,High,10.464373264166024,26.97361631689563,High,communal
Oshikoto,SITE_0809,-18.541164249000644,15.535351936117504,17.583506311358963,0.19483073498874537,946.3235880732412,1174.398357127697,Low,16.84761948507778,21.959095479939467,High,communal
Khomas,SITE_0810,-19.074909157986923,17.945078733242585,76.14275369717738,0.3168251280772284,163.85699959816526,788.4892570171962,Severe,43.79621204294185,14.352239381170712,Normal,commercial
Karas,SITE_0811,-20.514429156380054,16.901255219095354,71.57788791075616,0.2637794058452442,1212.298915510111,2954.7385409283943,High,5.363594916115541,29.909254734861833,High,conservancy
Otjozondjupa,SITE_0812,-21.377632173437604,12.652889294900033,69.18373807332759,0.48485118232748725,1599.1428898563536,4554.398786557425,Moderate,44.008795046544996,32.010105668649295,Normal,communal
Kavango East,SITE_0813,-19.595228258471945,15.165787450716357,22.677791582447927,0.46236029649973853,1574.076934680429,3350.237940148309,High,38.8615263122088,41.972638274565654,High,conservancy
Hardap,SITE_0814,-17.35098198502913,20.095330822054272,25.354302770373344,0.2558567815349892,1458.5128821560033,1404.532261341028,Low,25.78874232148469,42.33484458503536,High,commercial
Kavango West,SITE_0815,-26.180260258365124,14.88455786529757,66.53790113783465,0.5031318272898114,1005.826551541385,2831.72181699579,High,17.696893816612764,33.212305269147706,High,communal
Kavango West,SITE_0816,-22.910287296786954,20.966633302915508,30.501994595672233,0.20306071800772874,1582.9993268973287,4860.3124941050455,Moderate,29.478643305686923,34.69905648093831,High,commercial
Ohangwena,SITE_0817,-27.236109216089645,19.794976114737956,51.79074167916472,0.5292182397121217,1013.4749824348434,4549.14780868814,Moderate,43.685270697609994,40.488435147247756,Normal,commercial
Khomas,SITE_0818,-18.49082117425633,12.437522225388555,72.50879646263908,0.4675070029144397,954.9337012335797,3146.8971214497083,Severe,31.69948823702364,42.16068531581062,High,commercial
Hardap,SITE_0819,-20.986706223039274,12.535372379884773,12.661802132577115,0.15322859295275895,1821.1795202134062,4521.715760012478,Moderate,32.045300834572906,33.1007818936083,High,commercial
Omusati,SITE_0820,-27.343297948100773,15.225927212907898,27.929284054490576,0.24221500752679934,503.1340858378866,4613.725696263021,Severe,39.04798359806678,41.91443156759623,High,commercial
Karas,SITE_0821,-19.761794852897054,11.04367954490529,61.30985691420608,0.28232023977651477,423.12216574502327,3992.8745273470972,Moderate,7.877133837515213,15.172021583178214,High,commercial
Erongo,SITE_0822,-17.218317444272078,17.403033238912574,33.34244310611081,0.4841432924905623,124.13374886617298,3937.4323928970994,Severe,24.23581841506644,18.45628408486529,Normal,conservancy
Kunene,SITE_0823,-21.013908682121688,15.394856514121177,31.14196880115103,0.6102698736869151,1193.3718751491883,4865.943506951594,Moderate,23.814297175598064,23.85475879559621,High,conservancy
Erongo,SITE_0824,-22.007320335000983,19.260229298471984,70.6317817870655,0.43485833379344885,1280.1713592420504,1320.324470026986,Severe,47.27524766392894,43.98799424255161,Normal,commercial
Karas,SITE_0825,-24.50678362750248,16.879916765781388,29.635955772668936,0.3248656604593795,1161.4652678817713,1298.707304005265,High,32.33974417304543,13.953929452774068,Normal,communal
Oshana,SITE_0826,-22.73548064073147,18.485092623312124,51.35688755716854,0.39166430828470833,169.42055525020334,3740.9472347695473,Moderate,29.518140152218102,25.335625074841964,Normal,commercial
Karas,SITE_0827,-23.891437624266544,12.675125125275006,47.05303540161094,0.42224681374312045,1490.4698203507103,713.4340083618968,Severe,17.499757105656457,34.4962581820006,High,commercial
Omaheke,SITE_0828,-23.40683470337422,18.36321598637927,75.74727503912437,0.6300308277323209,1125.3664763861345,3537.147339901204,Moderate,46.47729773404633,28.833076032503374,Normal,commercial
Ohangwena,SITE_0829,-19.500091757745363,13.59933304104246,72.5501153349829,0.37335277302905445,650.9375485921132,3276.937213232293,Severe,10.362043955732855,14.046695663247991,High,communal
Kavango West,SITE_0830,-19.477432076182737,15.82463442733522,10.054600954627675,0.48497655947696994,312.93138619820024,1647.228206865906,Severe,14.823579955795347,41.97960515379228,High,communal
Oshana,SITE_0831,-21.311010766488735,13.268644854344263,54.69966719476039,0.586073844217406,101.86062012641449,4676.15492336384,Low,19.893680569517933,36.04906293966477,High,communal
Hardap,SITE_0832,-25.49837931246619,11.476440739285897,45.893299842009526,0.4508144171322068,1346.3515668259547,2214.808063350756,Moderate,9.860441773971225,14.93269832431482,High,conservancy
Zambezi,SITE_0833,-23.181031957147475,18.54910747806923,11.377510301659298,0.24082830577829367,1556.8587523030471,3374.8142495847023,Low,31.674981112559703,29.543294802344818,Normal,conservancy
Khomas,SITE_0834,-24.10246236418683,13.770727462364242,68.11574282179265,0.15250378143308688,568.6019367180827,2908.530126049401,High,21.931070252273155,17.977493443637908,Normal,communal
Kavango West,SITE_0835,-21.40112544940007,12.411358888684155,67.6702285747333,0.26529946913934394,1055.4482012875005,3654.4201557193655,Low,45.30072791476014,29.716218072155574,Normal,conservancy
Otjozondjupa,SITE_0836,-22.696215287251935,16.23881987588826,17.160185924491884,0.6905665784646978,1904.007415930559,4397.882543948507,Severe,14.713476180720777,19.203009412235968,High,conservancy
Omaheke,SITE_0837,-20.220872507146026,18.500044580586298,30.675278189485688,0.6174455322799539,1121.0481748241273,4077.195685346425,Low,20.591264295298053,24.713131452507497,High,conservancy
Hardap,SITE_0838,-25.2184657292785,11.924843337190772,13.905506173427689,0.561673505300099,1900.3380603020266,2427.570345151285,Low,6.6239565005342484,17.009198999472957,High,communal
Oshana,SITE_0839,-25.975478308536626,17.418109623172437,41.50219200179146,0.36355568185957865,405.88313712849845,2161.846829035399,High,26.821489172480266,22.679224803206683,Normal,communal
Khomas,SITE_0840,-21.285627569538544,15.094700326559376,40.524584534345564,0.5386406386926167,1689.321144139233,818.516954908456,High,24.731878938293132,42.565731516792596,High,conservancy
Otjozondjupa,SITE_0841,-18.38153768998613,19.282008018611744,62.609733427428154,0.4104209351247877,503.1937969823674,958.6092080205049,High,26.409947989373553,23.471621588002908,Normal,conservancy
Hardap,SITE_0842,-26.06252085629585,19.22771931150939,22.72442958010394,0.5418386915912782,1285.278400688593,1641.6014485464746,High,48.514942875559775,13.859985922705595,Normal,conservancy
Oshana,SITE_0843,-20.267140015557786,16.631681701595106,77.03277360633805,0.2186338246691794,623.565972909844,2306.5217768663997,High,19.823313471714705,16.35128184428598,Normal,conservancy
Omusati,SITE_0844,-17.966148425928466,11.690983796905504,72.71927422056541,0.6431128070450192,1340.0001026012078,4811.4292281691305,Moderate,9.113477051439887,41.12075575282269,High,conservancy
Khomas,SITE_0845,-17.72773249481937,15.955321443663728,52.417825615699066,0.3200040735192495,1696.7419194772958,4483.741436109732,Severe,13.30318644039446,19.06412022307578,High,conservancy
Karas,SITE_0846,-25.88925242079722,18.019224578406387,66.6040656279095,0.1860212768209682,1894.0095292155956,4662.511836936073,Severe,6.241589214125472,10.914270053871952,High,commercial
Khomas,SITE_0847,-19.209115953584725,20.2002657151097,50.37153217009276,0.10914155905964691,406.78447107626124,4288.304371296094,High,8.44462671920328,23.821985593383907,High,conservancy
Erongo,SITE_0848,-21.89874531171116,18.39784419870327,64.08769100008755,0.2622814518921879,796.431343508557,500.9556907248995,Moderate,24.21285848586232,27.613623046989268,High,communal
Hardap,SITE_0849,-20.264786091703606,12.176183561499887,28.677975992401276,0.24400261740064494,601.694032379453,3638.1172243546293,Moderate,27.515223634698938,20.54480148844017,Normal,conservancy
Kavango East,SITE_0850,-24.579169673231753,13.97222372909762,70.88762423896006,0.4912471082553542,479.419588560191,1085.2532586502218,Moderate,25.27138148280707,28.768103621892067,High,communal
Omaheke,SITE_0851,-18.995886255880762,12.979620116874383,78.46379767689783,0.4243355935077049,563.0201468103811,626.998773840826,Low,19.603464765615378,16.874227038554807,Normal,communal
Otjozondjupa,SITE_0852,-25.41097460533796,11.8474866546992,24.739439787020842,0.1273619019029155,434.34481163916877,4979.588708306748,Moderate,18.648757957416578,37.3319292008596,High,conservancy
Zambezi,SITE_0853,-25.045900346481268,16.708621189357224,15.635288430425495,0.3689575978767631,722.9157170592815,2042.9099407625006,Low,49.61213138843801,39.3565702428436,Normal,conservancy
Oshana,SITE_0854,-21.97674909069915,12.294904179341154,37.68771868505915,0.5242295169221118,149.02571028734093,4374.214707992278,High,45.41877163979326,12.920458539911477,Normal,commercial
Karas,SITE_0855,-24.857955483114594,19.325444735098564,40.844312149906735,0.6035648006345714,365.3327765770349,4577.034245795581,Low,29.234213131930463,23.340904724670363,Normal,conservancy
Otjozondjupa,SITE_0856,-19.524444994889684,13.440472675214778,41.76238040860605,0.13354862784368365,1769.8500417422429,2131.346736353725,Low,28.27080022328901,19.52661858240566,Normal,conservancy
Erongo,SITE_0857,-24.167374768165963,20.26783373784651,16.968882012881885,0.33275282766178005,113.45145839902176,3885.8211745230183,High,22.69192377344432,32.74515628171781,High,conservancy
Kunene,SITE_0858,-17.9763415311521,11.010185305304828,33.28826803269316,0.25954066520195046,676.6181733703836,2588.3215250164753,Severe,29.36128873359373,31.215726570972752,High,conservancy
Kavango West,SITE_0859,-26.33916430393721,17.446857557586164,77.04707981357167,0.445146482082309,1149.630757161528,2671.9966561700603,Low,19.331435082741855,39.99952361282463,High,commercial
Omusati,SITE_0860,-25.18060169959444,15.681762702102658,38.573559155587105,0.3798727806861715,1858.3197323247036,4501.590293918662,High,10.712191012196145,17.95631921998268,High,commercial
Kunene,SITE_0861,-24.814443290347576,18.65147111266601,77.92845917226329,0.3871917335132815,1625.4330480331685,595.5779130144538,Moderate,43.234721788691544,35.43543073827343,Normal,conservancy
Zambezi,SITE_0862,-18.090650318503492,11.611867999223314,35.19031282385755,0.3491098263297344,1049.148390619096,1611.1603852601904,Low,7.681712116298532,13.076830458976723,High,commercial
Ohangwena,SITE_0863,-18.19094265501355,14.960923149553318,43.70625056232322,0.6663323141109966,631.0141273720002,1109.778121619244,Moderate,7.013403888753604,31.481675689340126,High,communal
Hardap,SITE_0864,-19.031469503245773,11.071757831228933,68.16813781433703,0.46228027096645463,296.244197574675,1113.961495310888,Severe,44.1312153199477,18.247994630234246,Normal,conservancy
Erongo,SITE_0865,-27.198810879114404,17.872610564343287,22.40160494364205,0.17038770548798265,813.5159849132841,4382.091091179325,Severe,36.778326440531956,38.576305784244,High,commercial
Oshana,SITE_0866,-24.196375134869605,12.7581800933837,42.34305768325195,0.6533543305427156,821.40766342449,720.7135208757725,Severe,48.173549279029935,20.520245845059677,Normal,commercial
Kavango West,SITE_0867,-21.9762184385008,18.573638017947573,78.62592491745269,0.22044819711837274,889.0159009997826,2503.5772768823854,High,40.32281814929883,30.7339920219472,Normal,commercial
Otjozondjupa,SITE_0868,-22.678843718263508,11.925463911602908,73.35167609563972,0.23688680925476496,1433.6356397816069,3444.3238476227007,Severe,20.90507721809869,38.62956658073236,High,conservancy
Oshana,SITE_0869,-18.498485414536308,19.45307106372279,71.06143415893933,0.4591491799386951,1944.9815868280232,3721.45550003916,Low,36.20087810532778,44.55861154995551,High,commercial
Otjozondjupa,SITE_0870,-17.109538483753834,20.084438920830305,65.42669717713699,0.4704034504258483,144.07155998116934,3715.6042352159025,Moderate,46.815506630684176,31.820714021965887,Normal,commercial
Omaheke,SITE_0871,-26.727690954895213,16.691568037858254,33.071990878086325,0.4760211960511407,488.6347459878665,1329.2514083588635,Moderate,12.232831973573825,23.455670920669725,High,commercial
Karas,SITE_0872,-20.468856774510456,14.563492842277679,59.82513809022571,0.5493691325990453,582.6126681935563,4749.739758131797,Low,19.131840528590853,12.832472661938107,Normal,communal
Karas,SITE_0873,-18.83919134349096,13.507653752938257,69.22557553818841,0.3185026238198841,739.4089691626639,3178.960601458908,Moderate,44.79728399673655,33.24888163223377,Normal,communal
Karas,SITE_0874,-21.31252855469346,15.777234039494466,76.2777761216484,0.10189291987842145,1045.3177908758685,4959.1082677073555,Low,9.401083065007697,37.595036088574304,High,conservancy
Khomas,SITE_0875,-26.33540972039539,19.197118074297975,38.055369929768204,0.6339046976645493,1686.4558116451678,1152.1086084687327,Severe,14.76373255301827,22.569871684382456,High,conservancy
Erongo,SITE_0876,-25.804963644665992,17.11186917094784,64.07911161053963,0.6838305476214509,1056.0629823193203,1496.818543577613,Severe,33.16064699675347,23.32667540661368,Normal,commercial
Kunene,SITE_0877,-21.53615633462983,19.711435464503857,37.26615393136848,0.3154456237711841,1744.9582859277218,2766.771824768873,Moderate,7.793288087409421,12.306025324660958,High,communal
Erongo,SITE_0878,-18.005068161280214,19.278374451524,21.58157134036271,0.610792280087195,1804.1050226718846,1097.7799061812057,High,19.970366898564194,12.651353349227543,Normal,communal
Omusati,SITE_0879,-21.23909904846275,17.39433760989136,21.42283342432099,0.16840975707766062,583.044702747502,4435.971016804281,Severe,17.444040897920097,11.283371502706938,Normal,conservancy
Ohangwena,SITE_0880,-20.492165604348752,17.925991020504185,27.540152070431542,0.6841058883140183,1676.5883610308135,1478.0419360229375,Moderate,36.21689941685116,32.876352694098415,Normal,communal
Omusati,SITE_0881,-22.183745364741327,16.45828244762459,20.819621199493145,0.5344906406539224,1415.7759957771277,2193.363728526696,Low,48.08495775023036,43.9441567806738,Normal,conservancy
Zambezi,SITE_0882,-27.23580845142444,16.33446442903103,35.75713442948572,0.10769743406527432,1422.931387325828,1047.8058560562954,Severe,40.69613859563851,39.07503418314805,Normal,conservancy
Erongo,SITE_0883,-22.71264750564376,12.771978668270188,51.637411287313775,0.2680080871908534,1683.688040280741,4668.96689253531,Severe,25.856268649077883,28.519620546904385,High,conservancy
Kavango West,SITE_0884,-17.55539732113745,14.071852265949886,44.86582828400866,0.44559482157942787,301.62350824224825,897.4054838328789,Moderate,20.306667635359418,16.921949253731466,Normal,communal
Oshana,SITE_0885,-17.297702151240347,12.739853889757537,29.89744144364369,0.21484011085223387,146.2104833703552,3620.60357266948,Moderate,39.52352123658586,35.828846310396415,Normal,commercial
Oshikoto,SITE_0886,-27.080858671623748,12.752303373820263,57.70046331283534,0.4024082887265491,527.2809604596484,2419.5834380062583,Severe,12.557608706912902,25.94581631456815,High,communal
Khomas,SITE_0887,-24.311051894547894,12.76157716606822,72.03965941978615,0.4520742441141874,825.9652939606331,1387.4766485035784,Severe,12.901832612698215,38.03408095391036,High,communal
Zambezi,SITE_0888,-17.324399034956308,16.01280114064192,41.64581143109075,0.3797583315533465,386.26159017164423,3762.088731623651,Severe,47.41676593659428,30.25518417423843,Normal,communal
Erongo,SITE_0889,-24.222348777432302,16.835714769368757,73.37198989211828,0.6157199197097961,1045.2139142880203,924.6058633061564,Moderate,8.048517402520826,32.091456160956184,High,conservancy
Omaheke,SITE_0890,-21.544009980654742,13.85313707077518,49.1614247923138,0.5158950988482017,545.0857482711563,3848.402794155276,Severe,44.32221687078993,12.370917960134296,Normal,communal
Hardap,SITE_0891,-25.927210471378075,16.584559408846786,50.67742390450297,0.33274345443743014,338.21500861231885,977.7202111672798,Severe,15.49177039087052,20.824918786600154,High,communal
Omusati,SITE_0892,-20.25410382644546,12.95209488191737,32.09586871292627,0.3888558144616846,1971.0874925509563,1029.1390737949982,High,30.07925526458903,28.097861655492633,Normal,conservancy
Erongo,SITE_0893,-22.56419638012997,14.093464301211284,26.012891821743015,0.13670168498975388,1958.9288067938237,3654.0628072649433,High,19.902388797495576,33.26315147581809,High,commercial
Otjozondjupa,SITE_0894,-20.07113257608671,12.501009567562704,33.50917248032745,0.4552939777659132,168.61001733145838,3438.3390955256687,Low,44.942800205053345,19.916749123618605,Normal,conservancy
Omusati,SITE_0895,-20.241692398254393,12.32760916508191,61.319008783030505,0.6207135459988548,207.11018356178388,1977.57671238746,Low,33.323010073378654,19.312022459266572,Normal,conservancy
Zambezi,SITE_0896,-20.92463371627229,20.457430593465205,62.291899818672704,0.16303666998152155,1489.2819774750933,2203.6014607940283,Moderate,47.07313585169592,13.840465132062436,Normal,commercial
Omaheke,SITE_0897,-27.10642878648533,19.315753115772292,35.722510999381186,0.49550639908165517,1738.1905326907467,3406.249209073122,High,21.204502966323787,28.829495410699778,High,communal
Hardap,SITE_0898,-17.81438077892623,18.257634925129015,55.019673524793,0.33872008431962186,1635.9547633188317,4867.7824252949495,Severe,46.47369527803553,25.25778501699627,Normal,communal
Omaheke,SITE_0899,-20.493327792531115,18.307138761117812,65.42991127961321,0.17526981510822096,1295.5278086047406,1992.6594838582032,Moderate,49.81210935383189,35.318803890373665,Normal,communal
Kavango East,SITE_0900,-24.420219521426514,15.821162186123345,79.25283776094818,0.2072274386094582,1803.6561991620042,4568.0411875456575,Severe,49.52454714044725,20.887139563435916,Normal,commercial
Oshana,SITE_0901,-26.859281340063653,11.102700665093888,15.362680600766065,0.5101717218555631,1923.1832417053213,3026.9710097174807,High,42.30835847743222,12.182651290246783,Normal,communal
Ohangwena,SITE_0902,-19.696470276487968,12.08193907924212,59.991098849757186,0.42611951655604674,861.8858766919499,2879.128908302554,High,46.53033863348766,44.4487983633872,Normal,communal
Kavango West,SITE_0903,-19.265207798303194,12.501500576934607,26.300770802702296,0.2363150573019454,170.16227804686883,4283.438079504338,Severe,23.090495333570537,31.729347523985517,High,conservancy
Oshana,SITE_0904,-21.41639127225003,15.400168142980656,45.268188922870955,0.6491019185239266,760.5525546648743,4142.012591969099,High,45.918814959890014,11.710771209872142,Normal,commercial
Omaheke,SITE_0905,-19.714700719073214,16.318820691924365,11.15843511520811,0.6854158521117587,186.71223838953895,2051.702053493733,Moderate,43.691510435283554,17.38379863505826,Normal,conservancy
Kunene,SITE_0906,-20.3138465582873,16.15211325893222,21.645405315669024,0.5532300102670856,1574.1137330693166,4938.778474538799,Low,29.57690787312248,42.89699439918664,High,commercial
Kavango East,SITE_0907,-24.328875035025685,12.602699175934015,56.313670415456556,0.44986312734800815,1175.8595565912233,779.064506696084,Moderate,49.25246989565234,28.058978901180936,Normal,conservancy
Karas,SITE_0908,-21.2382787157821,19.795223208257603,46.52079699795384,0.5620657040954261,1631.4383782311945,562.9400060407601,Severe,46.09398375729213,18.538609869766162,Normal,communal
Omusati,SITE_0909,-20.80859747009604,19.175072215395062,11.938899012937725,0.6874838557131911,863.1622359403403,3995.2030749634423,Low,26.742973240429553,33.20894899916438,High,conservancy
Oshana,SITE_0910,-26.4803780558457,18.47215744354928,79.00930490125012,0.6535176655231307,1118.1916149953613,4142.9188337120195,Severe,34.3986844918868,33.306591580941706,Normal,commercial
Otjozondjupa,SITE_0911,-21.167868128801835,13.913903349728582,10.160186409670851,0.3401213473424868,1215.9707175488493,2651.746577633719,Moderate,16.676583751574213,33.05232399270512,High,commercial
Oshana,SITE_0912,-20.149446599844833,19.25331096609506,20.44399690847409,0.23677734811870843,1697.1491230719691,4153.396094002097,Moderate,14.559743262636147,34.213541589106825,High,conservancy
Hardap,SITE_0913,-26.37725903952509,20.90770432523454,31.357047289848527,0.6388988753851808,1094.0344209453897,1942.1636984967308,Severe,21.68340961932328,30.615948274919656,High,commercial
Otjozondjupa,SITE_0914,-24.07059530605664,11.231189412043486,53.372439222204065,0.4609566732611493,638.8091615353187,3153.9573976918264,Severe,42.36063185391248,44.10190534962507,High,conservancy
Hardap,SITE_0915,-20.42641687965875,11.084979779731231,55.87243168919905,0.17209269380144876,952.6705041624269,3003.8572381283334,Moderate,34.61385564837801,34.601976077164196,Normal,commercial
Karas,SITE_0916,-25.577044535513664,13.521200535006393,78.36741397957326,0.5433816830467197,187.0276482327033,2771.8711212650746,Moderate,23.60541679553371,15.721378384525607,Normal,conservancy
Omaheke,SITE_0917,-20.780974079068017,17.866339302845915,32.520185273687474,0.2686780461643179,1410.1031878098115,3035.3264327822694,Severe,35.5290026227409,21.861010814306457,Normal,conservancy
Khomas,SITE_0918,-26.213473151621084,17.09212925213926,41.62766659791929,0.13520750590267733,1583.172490165908,674.2902325753687,Severe,33.78448611370253,19.79589920867789,Normal,communal
Omusati,SITE_0919,-17.39668592817861,16.360185433424803,75.91766977993422,0.48738891253763084,1104.8180033502194,3253.9147121280184,High,25.67601023633484,41.65227311351566,High,communal
Oshana,SITE_0920,-27.63957336794306,19.999286852556978,35.012152072382705,0.3454330954550956,316.1644268130352,3555.190243266977,Severe,48.40168344408546,31.36231192825257,Normal,conservancy
Karas,SITE_0921,-17.941078252369984,12.15498549343579,61.80334332147089,0.3560990886933011,1476.18241200232,1766.1657441485333,Severe,47.29950098943893,17.170013855509723,Normal,conservancy
Karas,SITE_0922,-18.408976975590917,17.28375361002226,40.483687501742985,0.41500468275695346,1787.3917864714022,1061.0478974333018,Severe,26.073640777493445,41.08289570481362,High,commercial
Kavango West,SITE_0923,-25.351871622969103,11.214187059592138,31.13559574123551,0.33819284892620805,1823.418445920389,859.1625397427988,High,43.43676789503753,11.99380458189045,Normal,communal
Hardap,SITE_0924,-25.96187550879947,17.974885288643158,48.210762457046584,0.1258761673721664,1336.9848402291116,3288.1571641607325,High,5.475625976655935,14.207318461566741,High,communal
Oshana,SITE_0925,-19.75827445695414,15.512501503749174,23.300905820822944,0.11658357424499835,239.52240229905223,917.739332735812,Severe,8.248988280035999,37.334705361814656,High,communal
Erongo,SITE_0926,-27.593078089191323,17.855772194296716,74.35310832154512,0.2584711912603028,1737.7730839878875,2649.7470912438157,High,44.451944067235154,18.720122498262768,Normal,commercial
Oshana,SITE_0927,-24.68208400493583,19.714837243390896,62.40531759289939,0.31266902351255244,1045.592710474281,4054.669192396889,Severe,36.485221234148845,17.79908869719195,Normal,communal
Omaheke,SITE_0928,-22.819322314329064,19.36218004315048,17.362991257095047,0.20285880373388365,1487.6596976722967,1414.1000042029857,Moderate,26.11680900445168,31.981803712847963,High,conservancy
Oshikoto,SITE_0929,-25.633533449455904,20.754124669020843,71.05862775224884,0.19035803044393887,698.8491973223557,3927.262935066585,Low,47.83279695622691,36.64174973345949,Normal,conservancy
Kavango East,SITE_0930,-24.121308341039292,17.891080487612292,72.75494644855844,0.272802295567839,553.9880535158716,2643.203772968309,High,18.360031771961474,29.8812069031618,High,commercial
Omaheke,SITE_0931,-22.717588126239896,18.054831212292605,22.580276815467762,0.610399690881145,1553.5160138183458,3471.0998115852285,High,11.363207621416977,37.784306876275764,High,conservancy
Khomas,SITE_0932,-26.08278184057797,11.853041088285215,74.59383323127713,0.4737564239277082,1178.2264214903098,648.6189537869552,High,44.759599028201,34.335476881972184,Normal,conservancy
Kavango East,SITE_0933,-21.054914732552607,16.409475447326706,22.65924478174437,0.1329928598315251,627.1442580269612,4121.611254843017,High,6.836575334975748,34.16355469713931,High,conservancy
Zambezi,SITE_0934,-26.276391745805196,17.89211450487683,36.74320294227644,0.6931064998312455,1861.5632471936233,1796.0766865316205,Low,5.754074527610672,29.90664156669606,High,conservancy
Omaheke,SITE_0935,-27.693193088721742,11.526218377359887,23.58635387913163,0.3122747357538439,824.2378192056539,4734.272891849076,Severe,44.83016207259116,22.67613024135466,Normal,conservancy
Kavango West,SITE_0936,-24.87322255515199,13.331797368632365,44.29264739667859,0.49724581015267344,211.60863533702457,2840.6856123624784,Moderate,17.447309365090543,42.627657597403044,High,conservancy
Ohangwena,SITE_0937,-20.88841670403612,16.26991365637635,66.63045669832667,0.6203369310451227,1951.808703582615,1407.119659128542,Moderate,8.687899399457878,14.488590175466458,High,communal
Omusati,SITE_0938,-22.348885952527816,19.216029122073788,13.140825484215464,0.3370518381545906,1344.2031954139702,3897.4957606063776,Low,43.44944078719532,23.792618007065183,Normal,conservancy
Khomas,SITE_0939,-24.080274150138532,13.283128137398553,39.12591874039914,0.11605104009135148,1075.4213422974535,4268.159820515228,Moderate,44.47146790437552,41.93935647325469,Normal,conservancy
Omaheke,SITE_0940,-22.24926361152704,17.80912370425706,75.43161942546317,0.54409507442498,280.43789914626836,2535.8391443977894,Low,31.221498388467843,15.857121284630006,Normal,conservancy
Oshana,SITE_0941,-19.0466900596986,15.225365572395186,46.070766237074,0.27135920384243406,1337.903637931181,1050.9866805686588,High,27.249983782287348,15.77225934309622,Normal,commercial
Hardap,SITE_0942,-17.632364764503336,18.21243146041237,31.18496952706134,0.5655590882250854,1944.5286278569972,2333.7297413064325,Moderate,13.101161819530255,13.941450920721632,High,commercial
Otjozondjupa,SITE_0943,-17.72034091798832,17.51746986971434,23.421344589964676,0.31650512083209037,874.3083120659048,1620.9727080779799,Moderate,44.204830650365814,17.332804065679426,Normal,communal
Kavango West,SITE_0944,-20.985761724587583,20.22897779102861,33.655047628917934,0.6254318971439482,1297.74976098815,2681.4861870669247,Moderate,6.586915106180536,43.60535687677455,High,conservancy
Karas,SITE_0945,-19.580399250999246,12.056275327586022,10.84783660363797,0.5068822218661505,529.2089539999113,3857.755236410261,High,20.150877354035412,17.615057142892624,Normal,conservancy
Erongo,SITE_0946,-25.596073128775632,18.120914725815744,78.509128253134,0.5746827179366361,308.25894413693607,1357.8710514527306,Severe,8.823197790820082,13.41940025308318,High,conservancy
Erongo,SITE_0947,-18.807249266292573,19.62589213061485,37.35551407588571,0.30005643104939944,1619.714877043327,1571.822203571704,Severe,8.574494355296277,14.969929024730586,High,commercial
Kunene,SITE_0948,-22.10939488606084,11.824862433221359,29.24827246482962,0.3737977470121233,1315.2543712311583,3240.7073199229403,Severe,27.78663954354217,27.38693262310153,Normal,communal
Omaheke,SITE_0949,-20.601506907132613,20.379906684988494,46.50707472685085,0.27531676738651406,1212.9777556699548,4117.039302284429,High,39.32348359079052,34.737251537753764,Normal,communal
Kavango East,SITE_0950,-21.53384674666902,19.347625452746534,56.20065763629906,0.5715413034357101,1493.1354043527988,2790.2310910143538,Moderate,26.683023658267103,25.769603514190756,Normal,commercial
Omaheke,SITE_0951,-23.944098281641445,20.52727398892346,54.45947360191242,0.3189457679690647,540.8179050275189,1868.110640505587,High,17.03446163557782,24.89429806535773,High,commercial
Ohangwena,SITE_0952,-21.3931760880587,19.932688913716937,10.239717653570182,0.10068525094461399,1969.423455647527,1997.3543704907845,Moderate,30.618813267158814,10.990256007416367,Normal,communal
Karas,SITE_0953,-26.542889449839787,13.710332303820476,12.415211333185272,0.3027011316728343,1808.5771222586982,4361.196812375133,High,29.48808314950633,30.17868967509328,High,communal
Khomas,SITE_0954,-26.034224551803998,16.10633454234359,53.81077428239779,0.2493025359650489,1300.746416117049,3603.69221302196,Severe,24.23921445995378,33.351855433273386,High,conservancy
Kavango East,SITE_0955,-21.087859661817006,13.259087347597447,73.43477540948183,0.31938728634806984,1022.9358084010222,3659.485375924711,High,45.47945271419574,42.80752559705444,Normal,commercial
Kavango East,SITE_0956,-27.458234012537993,17.26199391954576,19.930758378075026,0.6038233988215991,200.06247292527036,2952.166380802522,Moderate,49.62918549567748,15.059477511199923,Normal,communal
Ohangwena,SITE_0957,-23.087519224760896,17.948616500022034,70.14198154648449,0.3913110756092153,622.7182176183853,2977.173837728567,Moderate,33.39431696178994,33.75502722653981,High,commercial
Oshikoto,SITE_0958,-22.06201372620137,14.446209631919128,40.7326234988833,0.6301269856741635,1111.6832315727897,2022.5777788569508,Low,48.27653219864823,16.645907624116063,Normal,communal
Kavango West,SITE_0959,-19.540685838907457,20.40569342812107,75.18202899010831,0.3771946299991752,1970.1491851197895,4282.145918630251,High,8.327725484748509,12.253622173015419,High,conservancy
Hardap,SITE_0960,-21.743487762816805,17.85277474511839,10.730815538419797,0.1925322306611036,259.46643588553843,967.1001717757242,Low,35.93155940182404,18.830236348614143,Normal,communal
Zambezi,SITE_0961,-20.00535372894981,12.568822462338401,59.27654309248356,0.36955660144840097,1012.2186790482557,4196.384463666329,Severe,34.311726341123624,27.33444703688184,Normal,communal
Erongo,SITE_0962,-24.22453391948361,17.496666739459375,66.46980520072059,0.35686575100720885,1726.4808735424972,4072.449480224621,High,29.60474666313229,38.68911639749837,High,conservancy
Kavango West,SITE_0963,-22.34980018713642,17.106666775650186,59.770139723703,0.5742063635553811,1256.2362350251674,1368.692601193728,High,34.43749099911214,27.68084707532287,Normal,communal
Otjozondjupa,SITE_0964,-21.73307994034445,13.53626708038761,23.57685079951544,0.26320978138277473,1804.7311080145764,2630.832342269001,Moderate,45.64658624088218,23.225515950152467,Normal,conservancy
Oshana,SITE_0965,-18.745920564792307,12.477698338220076,58.636648746889804,0.6087201191468049,1680.7947663146933,728.9815093995941,Severe,5.48046183517563,30.651097113415997,High,communal
Karas,SITE_0966,-18.41104740108019,13.25903272494411,75.07367049378983,0.6596721753657403,1297.9567462806126,1745.7899782448958,Moderate,47.54293706160438,15.511488225569142,Normal,conservancy
Zambezi,SITE_0967,-27.929908270554044,18.551365503677513,28.33581898343178,0.5451457293228303,1737.3466232592848,4611.277161356547,Severe,26.919391018666275,13.464871893917962,Normal,communal
Oshana,SITE_0968,-26.512469633815698,20.289620896441132,51.85007977433587,0.5454707095810076,1023.4875925685386,3739.711125347335,Moderate,28.670791941583047,30.47864644441833,High,commercial
Kavango East,SITE_0969,-21.121641664172273,15.939710924499929,58.10779156218797,0.45285856077420983,1815.349261651734,3934.0052116532624,High,39.396175238703236,22.168963755015863,Normal,conservancy
Erongo,SITE_0970,-27.396284324213717,20.349695769279293,38.64337063255097,0.4657236380105294,205.9663198231305,1503.8730737025878,Low,45.46041096393347,40.16256670850997,Normal,communal
Karas,SITE_0971,-18.055927772480903,15.287693453903607,22.09064489404029,0.41403819735717984,1408.2774545519353,1126.1305237610247,Moderate,36.02680065373419,35.318586358233745,Normal,communal
Karas,SITE_0972,-17.2643607031181,12.198296888037664,38.701270493031345,0.4967656381948269,960.3961835218201,2719.528885733315,Moderate,46.044261971408915,39.62016029152038,Normal,conservancy
Oshikoto,SITE_0973,-27.008389769548494,16.511807428411203,23.468190987605908,0.5867312161781552,303.33421647312025,1290.6223401485531,High,43.83974091885829,43.74927101941475,Normal,conservancy
Zambezi,SITE_0974,-23.3812420142391,13.498180177314875,14.674891117434443,0.19124428305916913,1009.3556911129309,4630.731054459396,Severe,8.032157737328918,36.185871420595035,High,commercial
Erongo,SITE_0975,-23.66336434498448,13.350759830701914,41.07634700693985,0.46810837617554624,1403.785509714924,2083.1585277139684,Moderate,11.386282333544099,30.134730237447933,High,communal
Hardap,SITE_0976,-20.710359185205448,17.772416375440596,66.14860374832097,0.1318975193553849,724.7946870288633,4753.612341065666,High,25.479537347844424,33.69829828585551,High,communal
Khomas,SITE_0977,-25.667676995638057,20.89668195688519,61.46552353690425,0.12279369695254172,1159.3828773656805,1424.2460764292455,Low,21.278150505981237,29.892307795961845,High,communal
Hardap,SITE_0978,-27.933165632055193,18.557468637689123,51.45717598447479,0.10597376432621108,1881.428523921177,1032.492525828162,Severe,45.232163377642124,14.098497196689284,Normal,conservancy
Omusati,SITE_0979,-17.942054369374627,18.860779898114288,38.10304617008845,0.6033903244042188,721.0951298765481,4341.157534745304,High,12.631116656890011,39.839336161061865,High,conservancy
Oshikoto,SITE_0980,-17.395985821783306,16.802361597499832,72.5148324895735,0.5460872642450283,1669.2378263048624,1479.691047156892,Severe,28.196603108021673,42.045730020641486,High,communal
Erongo,SITE_0981,-23.092240543842202,20.381688938641958,48.85759128453648,0.18772320962832145,1356.1484806319834,4649.456866325126,Low,14.687414836726992,20.88719543850826,High,communal
Oshikoto,SITE_0982,-24.270067175990988,15.394447586256621,44.16814005515057,0.3958471343591301,1363.5935986262684,4419.794198652329,High,48.02414881593723,44.17927560100681,Normal,conservancy
Omusati,SITE_0983,-26.253527306979212,17.180684827928488,30.62981462656244,0.5573012748233376,254.46552961209974,3791.507459049029,Moderate,24.49645226440682,39.06657389215452,High,conservancy
Otjozondjupa,SITE_0984,-24.328389177548413,12.842953346486183,72.59995400232127,0.29845373520717217,1942.8960209762517,1800.823649656108,Moderate,16.94100986243607,31.251348412119505,High,conservancy
Hardap,SITE_0985,-21.997120187114085,18.69568793150841,28.058499255798882,0.13090052700308483,1648.7634280776963,822.4721291373191,High,10.19078000314682,12.046597716786803,High,commercial
Omusati,SITE_0986,-22.082655679396655,19.326546466451685,62.829146763796,0.4890737264324152,765.02472142704,1803.1521896930658,Low,27.81243499141665,25.08629477085796,Normal,communal
Oshikoto,SITE_0987,-24.11512324747558,19.516283896592324,77.5056273068007,0.5013084053829043,932.5972393190543,1279.3583960847268,Severe,45.249497682760406,15.447012502087098,Normal,communal
Omaheke,SITE_0988,-23.880249364902703,17.96067312864463,31.181236752952564,0.5793396268584727,460.84713314131847,4400.709368209604,High,9.735529861095799,42.07829283179581,High,commercial
Oshana,SITE_0989,-20.507795989375147,11.030111673275057,35.17531769834376,0.11638475709084165,1758.4351421008605,4401.217089989739,High,43.410070683046584,15.653283244138265,Normal,conservancy
Oshana,SITE_0990,-23.089961664342955,18.77232846147324,44.8250182157816,0.42314747623015536,1849.1501243655398,3908.9654558514985,High,35.015687959049984,10.960811352267582,Normal,communal
Omaheke,SITE_0991,-24.675132209362392,18.731456404328938,30.020879910927228,0.4453756960434707,765.7736117438166,712.8745248326337,High,14.899386793281352,14.67655030556615,Normal,communal
Omusati,SITE_0992,-23.495743887114052,19.93437886955386,14.015142216256292,0.23754135391083903,834.061503114321,4133.239185432236,Moderate,15.74520704777941,40.93406305649495,High,communal
Erongo,SITE_0993,-22.53830515099935,17.374114291869354,63.7265182470408,0.24852904221629407,898.9368864421265,2408.5956391635145,Moderate,19.507744365608048,29.34097613765705,High,commercial
Karas,SITE_0994,-19.243471596320546,17.958803357894382,41.293318300806824,0.22154004665153157,1285.4573485911676,1409.354261814828,Severe,23.776730157543177,41.85949846308216,High,communal
Kunene,SITE_0995,-26.148203183872184,12.06236923315944,27.150015448974443,0.15297679324694907,1073.923498989404,3362.309181189915,Moderate,37.05009163997274,39.96651474292472,High,conservancy
Kunene,SITE_0996,-23.104222775694822,15.332250279164864,61.52671475640795,0.5669114852150792,1307.1907422066363,3794.917515049589,High,24.567635579627375,17.131399829812604,Normal,commercial
Kunene,SITE_0997,-17.214618174609612,11.31276408380409,14.273082710617407,0.4235600884476629,190.83896335577015,856.177291723023,Severe,40.99766851747612,15.449982428790918,Normal,commercial
Karas,SITE_0998,-20.784076973522307,12.008752530891039,42.380629287873475,0.26601301940557714,1755.299373214172,1817.6144042000656,Severe,8.333981264417993,32.666431155416234,High,conservancy
Hardap,SITE_0999,-18.270766369724242,11.881382909396368,39.60664715111656,0.14715673898681925,1361.806207569386,1961.1138332176724,Severe,40.26439351743197,35.00927122321877,Normal,conservancy
Karas,SITE_1000,-25.029124163033487,16.066330112326334,59.14966139414675,0.6168157622906774,670.9997050298227,722.2509984550243,Moderate,31.153245674122406,30.192046510302575,Normal,commercial
Erongo,SITE_1001,-17.50107014675327,15.38660675002119,38.669631272536776,0.6064917762265316,1165.7877614121944,3710.2410809162448,Moderate,5.6304370150600604,38.1951770714938,High,conservancy
Khomas,SITE_1002,-20.644392096983417,17.491352787711563,60.6212492676735,0.21923408298205452,1475.6828373864905,3223.1199730912213,Moderate,20.94118143503729,40.12193298572355,High,conservancy
Otjozondjupa,SITE_1003,-17.212425325097865,13.589385500618885,71.62029512129365,0.64228583533482,156.51975014028568,2365.340685021163,Low,37.17967463133877,40.8078801892412,High,commercial
Erongo,SITE_1004,-25.40389698304473,14.811017581662984,62.57684051601708,0.4190505955317575,159.16180999478485,2510.4672380287257,High,6.242011805457065,31.752452892182855,High,communal
Ohangwena,SITE_1005,-19.83354028932422,14.647903264912209,25.01306337849411,0.24077087768192557,329.6469702679844,524.0153725164322,High,22.903867254347443,22.668105117579273,Normal,conservancy
Zambezi,SITE_1006,-25.026331922563458,18.294446899961727,41.5921760019944,0.6747713345071179,927.1979613316159,659.6710459555541,Low,9.22053196166235,13.125555244449876,High,commercial
Otjozondjupa,SITE_1007,-22.251978825470363,13.458878200525358,59.35124214264391,0.5639097827311763,1682.7482572954948,2529.4827963399366,Low,41.078647138209405,26.07206926434073,Normal,commercial
Kavango West,SITE_1008,-25.828802842024494,15.615459970592624,31.932099296097295,0.4191482900012282,496.85394826210035,4333.3598771879115,Low,46.592445770260255,15.472318365809059,Normal,conservancy
Otjozondjupa,SITE_1009,-27.80434047011418,15.089389762352068,10.678436590218352,0.3836773621309898,1468.732835857235,3727.324844186104,Low,49.71004590774262,22.03377143318308,Normal,conservancy
Oshikoto,SITE_1010,-25.831638654132853,15.464097316162924,40.71078299821113,0.14221916101654644,1060.931512454492,4319.09647399837,Severe,45.55280106813978,35.715048346983224,Normal,commercial
Otjozondjupa,SITE_1011,-24.884812312160605,11.048406094223935,54.232802965097875,0.37122528474509275,496.26951153747984,849.5034411807653,Severe,32.00245489316417,42.06154992740003,High,conservancy
Otjozondjupa,SITE_1012,-19.349134206744516,11.166456741218678,79.16710680482839,0.6158036610751436,1182.6372754919025,3141.8179074196178,Low,24.217609472174324,26.074099523750544,High,conservancy
Oshikoto,SITE_1013,-25.067390001455994,17.551987323578402,31.94846248466707,0.42559754899236524,1264.6167325208817,2877.26605659515,High,21.812918048251905,29.30743659448123,High,communal
Khomas,SITE_1014,-19.556493904986866,14.413348941921534,78.90800799005552,0.5264024795142872,1199.5525564092152,3624.4514006811064,Moderate,10.03807551959867,33.36697660844489,High,commercial
Khomas,SITE_1015,-22.23819705452111,20.900297330096397,78.62185248047169,0.36261296809464416,1355.7152672955906,1534.394591048054,Low,11.06277435829141,10.889981123760336,Normal,conservancy
Omusati,SITE_1016,-26.994914390118627,19.403081610784334,50.10254718945468,0.6454001865431345,1299.0984454817624,2513.2739263305075,Severe,38.21797685741944,43.593025174201614,High,commercial
Kavango West,SITE_1017,-21.75185050441474,18.99984832828098,39.46754270947855,0.44751859348742296,1907.3593031934188,3454.0150261122053,Severe,22.694491248924777,15.419145248041678,Normal,communal
Omaheke,SITE_1018,-25.381263142311607,15.048257841539616,43.158951414093806,0.33122005462058046,1123.0942948762008,1363.7027069849169,Moderate,27.42941861285486,36.38089842631921,High,commercial
Karas,SITE_1019,-23.85366474341291,15.599177862574795,33.21516209146117,0.645992350876366,537.5971806044902,3929.282975730223,Severe,44.66784455068792,21.35891871073821,Normal,communal
Kunene,SITE_1020,-21.539328260382113,15.380519653350204,29.432970806320913,0.4142486708535922,1466.1893053064098,2261.0085495499106,Moderate,33.22699742360187,29.77202750099152,Normal,communal
Hardap,SITE_1021,-23.3317001367867,13.99768136537266,31.394999809176323,0.6973640937710962,1024.338572775206,1934.2637671933994,High,10.41542350477722,23.62649802494065,High,conservancy
Khomas,SITE_1022,-25.49682888730722,18.700748540720035,54.36139301326007,0.5819282100694846,1574.9566819210113,2140.069071248032,Severe,17.326737775079778,16.9737189368037,Normal,communal
Karas,SITE_1023,-23.822005460992575,18.585005188221366,78.30973884666498,0.5209084541733794,1412.3165667600251,3135.619869219837,Severe,22.073296780559037,27.742055803046664,High,communal
Hardap,SITE_1024,-19.122989548082572,18.072685070142786,11.864055211248141,0.40720150463048865,583.4287042106981,2103.3546025187934,Severe,12.626341120449577,27.705403890227444,High,conservancy
Kavango East,SITE_1025,-26.147735547984098,11.07106588454874,58.27380772224052,0.6366540846377274,445.70759533397535,3395.365644984046,Severe,22.74085539475255,32.36159842588758,High,conservancy
Kavango West,SITE_1026,-22.0026289093954,12.385153800995694,23.916528950108592,0.498821012018439,844.1273659175001,4180.797730860657,Low,29.600550871255823,30.291655852755227,High,conservancy
Karas,SITE_1027,-20.741334382857776,18.828404852616146,43.05081672452613,0.5682049105909408,846.5811360823187,3198.976265519314,Moderate,26.682112507713946,31.335636913503485,High,commercial
Kavango East,SITE_1028,-17.392160353980294,15.707809436492544,55.16331002309901,0.180152588325535,500.73648702173284,4353.92478563371,Moderate,24.245190660426132,36.805530076056456,High,conservancy
Erongo,SITE_1029,-18.16421450269808,12.904156471807752,64.27209480354813,0.2866018667285192,593.6684248275194,3919.8196542900305,Moderate,48.52359095539154,18.93832532984191,Normal,communal
Erongo,SITE_1030,-24.071525191964987,20.93360392183388,43.043263018835695,0.23435709191445794,1175.6525225718583,849.2414069287023,Severe,31.64811837390264,10.523658461750294,Normal,conservancy
Erongo,SITE_1031,-27.85549567038519,17.938766870912392,18.32424764700002,0.3403671744790189,1382.1239552369416,921.7431404012991,High,32.63693258432473,35.42865241762365,High,commercial
Khomas,SITE_1032,-22.62529292525864,11.719924692929323,62.44990375325747,0.4983417181861747,1284.7744422703438,1880.2485634221584,Moderate,39.30653072999722,39.176393042997944,Normal,conservancy
Erongo,SITE_1033,-19.78999999332117,20.595968651462677,31.52601758449636,0.5393118464876387,539.5062009632184,1191.1701854998282,Low,47.58521578139438,33.30492322819086,Normal,communal
Kavango West,SITE_1034,-19.234848825526882,11.438367249665232,24.414076760721578,0.27819175902458027,877.9576647617841,816.1551232093971,Moderate,10.91673630750996,21.223374445699807,High,commercial
Kavango East,SITE_1035,-21.072838483578483,18.846761221874104,69.74466029779802,0.47807186749707753,573.7534283059791,1619.8937720989043,High,40.179268276614295,21.302456708465783,Normal,commercial
Oshikoto,SITE_1036,-18.23757483027406,19.920240709075948,15.760882113007245,0.15071695436618346,157.88610140563313,1642.8469757517553,High,6.102889243501419,25.409488320605927,High,communal
Kavango West,SITE_1037,-27.338909011755607,11.50880985530885,19.540135096852325,0.28435926895525554,1013.626519996611,4799.57153453955,Moderate,27.69001151413746,24.88807506497068,Normal,communal
Hardap,SITE_1038,-17.396483265532275,14.676660699550887,43.82726434819894,0.26076626289305616,596.5649378852354,1963.9321901520539,Moderate,20.922604581200815,38.81408447822548,High,conservancy
Ohangwena,SITE_1039,-26.365302409635305,18.510959475592454,30.557305141417057,0.17065148089556958,1538.7927101856515,1256.1485366167994,Severe,29.763121885421178,37.46146832092843,High,communal
Omaheke,SITE_1040,-24.91712776921385,15.892372006590673,14.391999384712745,0.3783826673761187,1264.8922781079802,887.3259282557448,Moderate,24.195100890451943,30.38800056653976,High,communal
Omusati,SITE_1041,-18.974898635648465,17.163720030014037,28.54941069363713,0.19639133806445588,1651.606901838459,3502.0262051313002,Low,31.814757446479767,27.732434340194025,Normal,communal
Erongo,SITE_1042,-22.72542332952052,17.99939048580173,21.102632837670086,0.25290965742827937,1787.1744223493602,664.3235765977118,High,39.773118973285406,35.234339634042726,Normal,communal
Khomas,SITE_1043,-20.11870647312638,14.5872097186178,13.145802519249528,0.3848344676610054,1829.0628629821745,4512.796308267376,Low,28.87115828235527,15.305103712375605,Normal,conservancy
Zambezi,SITE_1044,-22.793924734453206,12.505122130371777,55.55359509424496,0.6915251928302814,1984.4009734409215,3774.1689413393237,Severe,17.21599741351036,32.00915328601937,High,communal
Kunene,SITE_1045,-21.52095174968453,13.783848693473793,30.253237910070755,0.20424356023237628,1523.0550672469528,2245.6670578068915,High,16.47373784222612,43.01495104120243,High,commercial
Oshana,SITE_1046,-23.896602199851845,17.313682517241986,14.874205874597976,0.3000268993300288,1262.7024277573285,2809.31929357498,High,37.866461552950014,23.443443741098363,Normal,conservancy
Hardap,SITE_1047,-22.02683358002497,11.130280392074518,77.91732008159902,0.31355043980965236,1223.2278454961042,3884.722816777444,Severe,34.24995440344681,17.269623930207327,Normal,communal
Ohangwena,SITE_1048,-26.89914551735754,18.102707138769578,40.186496874820115,0.22128814569689784,881.3577830042116,976.094191712614,Severe,33.541659082060654,38.42513056606169,High,conservancy
Kunene,SITE_1049,-26.42779652135568,15.744925527256374,45.43185931600753,0.1392857800303544,433.505819590625,3575.0167194117707,Moderate,44.9283959456111,10.15992194604159,Normal,conservancy
Kavango West,SITE_1050,-20.581159020237898,17.033599122818693,56.896823244433676,0.6058092369206273,350.14835098849767,2395.9835753252664,Moderate,20.832749874906327,18.324062906482716,Normal,communal
Oshana,SITE_1051,-18.758894972484963,14.90462874722517,25.471029053024594,0.36889981880923095,1273.0061443650538,4118.886743689201,Moderate,8.936717938034892,10.84090944806362,High,conservancy
Omaheke,SITE_1052,-23.362259505224426,20.459245632615172,46.944381666716446,0.5218643561441632,533.3940829553947,4739.995489703502,Moderate,48.070824354055375,16.79722268334546,Normal,conservancy
Omaheke,SITE_1053,-25.16133558683948,19.223259648059503,51.20078398485319,0.6836208848686327,181.03719829202214,1526.4572770293196,High,7.067857993638818,15.226334025402124,High,conservancy
Ohangwena,SITE_1054,-25.91428398357693,15.228182520699278,22.332777651665385,0.1717425418480161,418.17887570505746,3430.872271995063,Moderate,49.69128019359095,30.759556828075805,Normal,communal
Hardap,SITE_1055,-27.385211469783233,20.21926922028932,15.243128258619954,0.32518362341776597,872.7833969905439,542.5017788670408,Low,34.68274315539456,30.706594321104674,Normal,conservancy
Oshikoto,SITE_1056,-17.387921891226352,15.75877184031679,30.04625701985012,0.27576893541290176,351.4012396295502,1456.9339097832853,Moderate,28.90193102455318,20.373375402179327,Normal,conservancy
Karas,SITE_1057,-24.362807645977927,18.389722041679967,69.33816842152021,0.5499254623821611,305.98460781619644,4885.666483761773,Low,5.314659205074671,11.643456454078231,High,commercial
Ohangwena,SITE_1058,-17.412497475155956,19.094255606341513,14.070896163380555,0.2897559958713258,1992.20066646352,3791.458539025567,High,16.402219763791628,20.243235227650175,High,commercial
Ohangwena,SITE_1059,-23.664937615635893,18.496127559690212,12.857418105548163,0.33007031895352856,919.2312355220552,2985.6948024516073,Moderate,21.847847987112637,29.83201076643616,High,conservancy
Kunene,SITE_1060,-22.16482713804724,19.270057219983144,32.58679535453014,0.5731593383239268,1287.6857134393751,1154.2001287599069,Low,38.78815703180021,21.832598881076052,Normal,commercial
Omaheke,SITE_1061,-18.26264927513766,14.524235733703563,32.35957981711363,0.10570813176649195,1679.6911062221077,3787.562999883206,Moderate,21.54511613424995,18.854444780015267,Normal,conservancy
Omaheke,SITE_1062,-25.850675143767653,16.593037952157772,77.74753965591404,0.5941275431002512,819.4319505449778,4974.161209106045,Moderate,48.64557493893091,18.870197409515544,Normal,commercial
Kavango West,SITE_1063,-18.94123346603173,15.624156978297991,12.98298900256512,0.31339346062381823,1530.1481395512394,1127.1405338363843,Severe,46.10988989397498,16.527422682760996,Normal,communal
Hardap,SITE_1064,-26.33313613420653,18.517903820383914,35.90911141558177,0.3977308722670443,1592.7474648665382,1459.4900022727452,Low,25.006886746068318,21.317339453252245,Normal,communal
Kavango West,SITE_1065,-21.634361226317008,11.401659689915633,19.85697533974097,0.4557424231073125,687.9231127633384,3796.5095599030806,Low,38.86422710180404,31.716246118910153,Normal,conservancy
Hardap,SITE_1066,-19.274307022896096,12.186533418253607,61.350022399724324,0.5041227175182738,1661.7231464183767,3584.522888998608,Moderate,13.256367307348492,15.052245249828287,High,commercial
Hardap,SITE_1067,-26.808157383621648,13.047862481059454,56.888761499698084,0.26062049502605206,884.5548132834447,1823.4665455017803,Severe,23.447196142227625,18.767233696036598,Normal,commercial
Zambezi,SITE_1068,-23.727241286228715,20.31258404624263,23.71600039098793,0.3734644131174274,1009.7548311932086,3253.343179235142,Moderate,17.738354892054854,11.257027095791535,Normal,communal
Kunene,SITE_1069,-25.85534914457611,14.297411938834982,24.039869054651813,0.1883170829185662,466.3657939951373,1896.653289045567,High,39.215918338734355,13.476497352722545,Normal,conservancy
Omusati,SITE_1070,-25.964732780337442,14.88495445422475,29.17945792049229,0.5890560216863262,1173.7299352093771,1546.8191835082662,High,21.31910104054213,36.35653733216613,High,conservancy
Omaheke,SITE_1071,-19.41836646491423,17.42571301831591,22.834057150853013,0.43116235183813045,165.07918679364042,1457.663127978998,High,26.580112560077662,10.295169279731459,Normal,conservancy
Hardap,SITE_1072,-17.42104104969527,18.477277028934907,26.4167111414689,0.42384588286974345,1370.4673960366317,2672.5139702934953,Low,41.67828860462103,10.905984674854423,Normal,commercial
Oshikoto,SITE_1073,-24.536414303674086,15.04812121201682,78.1224535536381,0.49696535202929426,292.34259272308884,1272.3202583165653,High,36.672777031297,28.936480439661207,Normal,commercial
Ohangwena,SITE_1074,-24.802366125716915,13.722537696083165,68.50182980563034,0.2602526190688191,889.9226588402586,2036.7824189669316,High,19.15970542992571,30.271970628595472,High,conservancy
Kavango East,SITE_1075,-19.940745128532313,17.668806071268392,68.00183436177348,0.38926073988037935,233.36384765794662,1073.0097448828885,Moderate,9.248797416638443,18.11000754169725,High,conservancy
Omusati,SITE_1076,-19.257510448043362,17.14286616870455,71.97006097592467,0.40158294458910404,1952.01354157641,1755.8715064003984,Moderate,21.87538225765764,35.566346179085635,High,conservancy
Erongo,SITE_1077,-25.216703850538313,17.101743639629987,33.02456438144371,0.18204922363305814,1348.5853809776438,920.9422797522334,Moderate,18.961532553722023,41.61120770007146,High,conservancy
Zambezi,SITE_1078,-21.019235642858945,14.73288449210322,47.21081681466237,0.5688187942175784,1413.1405079731342,1893.2587554878335,Moderate,27.40565746322385,41.05830280471867,High,commercial
Hardap,SITE_1079,-20.539175703707322,15.752283694840237,17.63460086433627,0.6153774588147704,1859.8062386562349,3845.6979820974234,Severe,46.603129072934905,28.191490040598765,Normal,conservancy
Omaheke,SITE_1080,-18.364521496333087,16.88668818517128,28.62229202066102,0.6338281120014682,422.6313946925154,3847.393196675344,Low,24.703910343100254,40.69849542582804,High,conservancy
Oshana,SITE_1081,-27.45544025996392,15.121928776182386,56.96035734106708,0.24737755894584562,1902.4462868271476,3855.2795797315457,Severe,21.05347711896527,23.967958175880725,High,conservancy
Karas,SITE_1082,-24.5624634853089,11.66351532237262,26.008617380028284,0.6870387269081345,1690.811120701348,1538.274891813578,High,16.9341320694405,22.174008746998215,High,conservancy
Omaheke,SITE_1083,-18.09073990397847,17.941807225118744,68.83752034822457,0.18113708430748449,1449.5792181348725,2120.1446777964547,Moderate,31.298964654624022,29.32354233593574,Normal,commercial
Kunene,SITE_1084,-22.926448173122665,19.613890190079214,65.87726090130093,0.4033307114574419,1641.690570397828,990.0962300253343,High,12.662250485495846,23.976613094533022,High,communal
Otjozondjupa,SITE_1085,-25.26210326269364,11.941330667883737,66.48678212662684,0.5698189626986813,1814.507281367146,2487.694973329659,Severe,24.430441565498423,34.65073671591071,High,commercial
Kavango West,SITE_1086,-22.24812621245,14.631211459113793,30.7980407709897,0.25262067753760215,527.4364836540158,3566.5735961796804,Moderate,14.435228589056019,30.338706992851776,High,communal
Otjozondjupa,SITE_1087,-23.40075720968305,14.68238617898782,30.02078874262087,0.1512540261664745,200.86109216264515,1184.9468706225152,Low,24.041456569319198,41.9343691087551,High,conservancy
Omaheke,SITE_1088,-18.315758623135274,19.092509149451665,33.97514604009807,0.6801466538693246,802.3450784175502,987.0884682279374,Moderate,44.70718942212029,19.423958600459557,Normal,commercial
Omaheke,SITE_1089,-21.300843939218634,19.026100683998603,61.65531949349191,0.47493911307910663,303.09104615071743,3150.831545940775,Low,17.655250869934008,32.40143183364427,High,conservancy
Ohangwena,SITE_1090,-27.482988918090324,11.282990979723492,48.552073831241195,0.27128472500415474,1368.3388650022869,2817.5391747204544,Moderate,13.466920455419377,44.72364640411405,High,communal
Kavango East,SITE_1091,-21.745614536741705,14.707266858870266,39.593623841121016,0.15290123608484185,503.6500177373433,4436.323019532668,Low,20.469656675538573,13.288652113338825,Normal,commercial
Otjozondjupa,SITE_1092,-24.936448450103537,19.45946951068582,29.301785006619163,0.29486168050312983,1844.8384218181423,1801.6646241780718,Moderate,13.877367754020202,14.075816557064318,High,conservancy
Omaheke,SITE_1093,-19.257914022940042,14.88844309803893,77.8488793216995,0.11371798777543052,1774.6587928173633,2111.5134262478323,Low,6.25687707054704,44.823728735728714,High,commercial
Oshikoto,SITE_1094,-17.858007854286203,19.140658316100133,45.200470739656815,0.44679964545213346,700.4410909011774,876.6075342546873,Low,12.483453961634595,33.61308938350571,High,communal
Khomas,SITE_1095,-18.62392625244667,11.346788015967302,54.45756507957842,0.22444755335120453,1169.6356894325822,2344.020068713913,Severe,49.89749101414292,30.21091753563768,Normal,communal
Kavango East,SITE_1096,-17.946958142662957,13.781360994170893,49.04013100072712,0.6058987025339562,835.2209177690701,1843.459962960889,High,16.34411666905595,44.1815464014363,High,communal
Kavango West,SITE_1097,-19.647535983333903,17.794969667993506,24.61859973310407,0.13853688615563534,1339.4743684331768,3857.093473014359,Severe,20.362881323966576,34.01238020209614,High,communal
Otjozondjupa,SITE_1098,-18.788691390065054,19.810946758345814,35.1291135270159,0.36078451099880016,1577.9315483069945,4937.231236671648,Moderate,32.039351775775444,27.077992960970764,Normal,communal
Kavango East,SITE_1099,-20.16412954737761,19.747825455072125,65.93440154786994,0.38650761268905365,1013.985508204047,4569.012335904374,High,44.109001998597996,26.43820889812625,Normal,communal
Otjozondjupa,SITE_1100,-18.48562131756605,14.010342600059406,70.69780534873807,0.5665553018368717,1265.5039827714656,3260.021153515543,Moderate,12.624227263182425,21.484941131714926,High,conservancy
Oshikoto,SITE_1101,-17.834284233412433,12.904210199279246,26.114524372375552,0.639973718289383,1605.7056939218428,1429.5407393529058,High,17.064568012607438,31.901108667217162,High,communal
Kavango West,SITE_1102,-25.746909842144635,20.944424795208512,71.92320511215917,0.14887636855517944,758.9540757263417,708.6594662400853,Severe,10.975986553742867,42.776000337009094,High,conservancy
Kavango West,SITE_1103,-24.554710219231605,13.644098491285936,66.33946363815592,0.3758221429853946,434.1566448292403,3496.782931908461,High,30.357674939544015,27.990747442294527,Normal,commercial
Kunene,SITE_1104,-18.568675105705285,20.381390095198476,65.40810121117225,0.14945842964174438,625.7923291248158,3454.2564381222605,Low,32.91827318416131,28.881568122609576,Normal,conservancy
Karas,SITE_1105,-27.775673385100973,12.423801458339241,57.702518219127235,0.6744028533196135,666.5166979017641,2360.4136606721686,Moderate,26.15174023984961,40.96432030622118,High,commercial
Omusati,SITE_1106,-23.668975043603286,15.286104853066448,55.908480670900374,0.42133245465536107,792.4198759759051,1942.8220492969745,Moderate,6.0970542026846175,42.56391303900501,High,commercial
Zambezi,SITE_1107,-19.050258485658322,18.45974442737958,41.07815289933552,0.27529103123692156,1703.5454092413793,1901.7941031033529,Moderate,40.73242974606327,29.123030224572172,Normal,conservancy
Zambezi,SITE_1108,-23.585252588843563,13.027405714413378,48.364342245024694,0.2419098593372968,1243.1976498065408,4008.071939498092,High,41.553159447815005,17.70084878428986,Normal,communal
Kavango West,SITE_1109,-23.77794818553587,15.80536094394106,68.22959452609243,0.2904644070531589,656.842456416674,4704.634667904408,High,24.23827546570326,27.506895810458456,High,conservancy
Oshana,SITE_1110,-21.89203942630188,18.58558340868797,36.126643798837925,0.6385129048678296,267.4744766331346,4808.677397066434,Severe,10.942929542462291,42.22352710081382,High,commercial
Khomas,SITE_1111,-26.627902677809512,15.886781760819265,45.72631905968224,0.5748768161148478,1393.9193677228645,2674.072024782333,High,47.52559369102007,40.38619973708492,Normal,conservancy
Kavango East,SITE_1112,-23.79088500354763,11.98514429312895,34.29050684043328,0.3633922656798254,1556.3658462609635,2568.923575081964,Severe,49.309609757548266,44.61187698476021,Normal,conservancy
Hardap,SITE_1113,-21.497103089339063,17.71221769577523,24.747682388206517,0.10347356734851748,1966.9789997783382,4054.4318549205036,Moderate,38.24192091284852,24.597957442485956,Normal,conservancy
Omaheke,SITE_1114,-21.57597534189943,18.684241351688897,15.400655938467942,0.6930389543281718,590.1098429260286,1916.7493212355237,Low,46.47953930214237,43.346265430079185,Normal,conservancy
Oshikoto,SITE_1115,-23.723322753925334,12.582702173320431,15.000117007534838,0.6117738626573127,1434.1139071210957,706.1070616323277,Moderate,9.340494421750481,16.31057519335789,High,commercial
Hardap,SITE_1116,-21.37152706427496,19.998881895070443,46.714618051354606,0.5329445213295646,1909.8359424323728,1065.5574871336667,Moderate,40.121180270319606,13.617432033982647,Normal,communal
Otjozondjupa,SITE_1117,-25.428244133879794,13.692512383391023,33.5307552168295,0.15115833681994167,682.1015169163272,2410.3815328945802,High,18.481226905938584,20.86885388367105,High,conservancy
Oshikoto,SITE_1118,-21.793207582976688,11.735916849747012,15.064170858848449,0.6747998737291964,1421.9522994242636,3696.6428172998685,High,19.331616933480355,14.971811542862136,Normal,communal
Zambezi,SITE_1119,-24.945683159442872,11.046349434382453,24.14345870209658,0.6724647633819177,1592.5896084782173,1259.4502303470817,Moderate,35.745083492746275,12.490744020919117,Normal,communal
Erongo,SITE_1120,-22.076713568774114,15.3538174433767,52.05181762113174,0.6897619964305854,552.9682510217125,2863.2500321449656,Low,12.656819485092361,38.77307263004354,High,conservancy
Otjozondjupa,SITE_1121,-18.412520048707826,20.817267776273418,58.12533479651818,0.23273106997820242,369.65845831534637,3796.81768101236,Moderate,9.343718590135001,16.241758250085088,High,communal
Kunene,SITE_1122,-19.182037079116512,19.217503435090997,23.739499898116627,0.4909404078366614,1545.9523656138156,3270.8070945953928,High,37.84227515212975,35.93403516303995,Normal,commercial
Zambezi,SITE_1123,-22.316495894305127,14.297379385272992,68.85073568074412,0.27349696672509216,1791.680181510739,3636.7415985116813,Low,8.590581541009545,26.008448483629365,High,commercial
Karas,SITE_1124,-20.34942072688376,17.990494306430826,65.1062806291639,0.6538996441553501,1684.1608746860725,2716.8768000535197,Severe,13.661234252365706,42.45349068359144,High,commercial
Kavango West,SITE_1125,-17.035452164164436,17.061893730826544,68.57939714597744,0.5946655532885743,485.39425735997605,2876.0158256542145,Moderate,26.130898414600363,21.711215782337977,Normal,conservancy
Hardap,SITE_1126,-23.054265381893973,19.967459430595078,48.78866299670125,0.31444837839005624,617.9119907269762,3749.4025211946096,Severe,26.710672800962133,21.362325070102237,Normal,commercial
Kunene,SITE_1127,-26.104023944707777,11.472416532547609,28.652775875293287,0.14728952424554576,1290.772660509394,2092.0889114294187,High,49.142367158009336,27.252871543259495,Normal,conservancy
Kunene,SITE_1128,-27.276999947336243,13.212471121255795,65.05797070172207,0.5565863420519318,705.7604496499184,716.8705761284704,Moderate,8.098268965554576,34.21440794215802,High,communal
Khomas,SITE_1129,-25.684330039596198,14.83214770479942,40.59778531443534,0.28926731239805037,1732.3407066792718,1101.859025606942,Low,9.80618621575536,37.18179162893841,High,conservancy
Oshikoto,SITE_1130,-27.47208744784541,15.06601032025744,66.41547331330045,0.5372132863182212,409.17955034201697,1146.9696582603024,Moderate,34.05180724394087,17.552971288826726,Normal,conservancy
Kavango West,SITE_1131,-26.024880059829353,16.6958012137697,47.203884465027734,0.3282238509388439,517.1749182946108,2874.4640478076876,Severe,32.73844175679635,14.601435732517508,Normal,conservancy
Zambezi,SITE_1132,-20.075721425719657,18.88574980555211,11.735735199914142,0.5768013904269633,1718.1644458298679,3200.126913445924,Moderate,17.624091580590267,32.45138053545662,High,commercial
Khomas,SITE_1133,-19.18509074413755,13.195660196321423,30.61445347089257,0.14643002489461365,936.6693929615785,1692.647212957141,Low,17.083239421234936,21.732875902512028,High,conservancy
Kavango West,SITE_1134,-18.735573311902034,16.231037608745396,30.382318493227206,0.5876811498325694,876.8311174597139,4211.901166221242,Moderate,12.799116325111422,25.66622815767108,High,commercial
Kavango West,SITE_1135,-21.97066261031854,15.717824524545918,33.31918978118411,0.27371173626711365,596.9392797846021,2295.922370189248,Moderate,14.667063714585764,24.621261017194726,High,commercial
Oshikoto,SITE_1136,-18.516448373605478,11.523567014134642,36.09933762182557,0.46845258332627004,1250.8248575296443,804.6850056271444,Moderate,8.883156307459814,39.126576505636564,High,conservancy
Zambezi,SITE_1137,-17.413288202805777,16.584585189849232,61.44797476477011,0.3871939617766188,431.5653166072597,901.7614256079688,Moderate,41.7400833522047,13.573937052768619,Normal,conservancy
Khomas,SITE_1138,-17.363344930132946,15.25252423104438,61.024187042721834,0.6899776221228641,1916.8783689443985,4424.3591939908,Moderate,13.342234382873704,28.30969007351291,High,commercial
Khomas,SITE_1139,-23.060800691390952,17.731998508566605,34.56696389866208,0.5847118146685036,1248.5655334561952,2216.806072678013,Low,35.598532355551896,26.696951652546375,Normal,conservancy
Ohangwena,SITE_1140,-27.66811689724049,13.326013645388894,76.88562972652025,0.41479301083533404,1256.1015465110183,4580.753063950103,Low,30.49486401420796,22.311929579811626,Normal,conservancy
Kavango West,SITE_1141,-23.46826450521213,14.700649311021795,20.2132803290001,0.592658050768527,232.43520998120695,4008.529877153717,Low,6.212093497876472,33.23374823610355,High,conservancy
Otjozondjupa,SITE_1142,-24.665048991225166,14.8643706047595,37.56229436778669,0.5838859861375181,1830.9731471449368,3690.206766759579,High,44.05244628531157,15.994233604863073,Normal,commercial
Oshana,SITE_1143,-27.82855813821929,11.459068383387958,65.16131526574745,0.2721415513721718,1912.255360837293,4526.0194538415335,Severe,37.77386901725101,11.22214423740428,Normal,commercial
Oshikoto,SITE_1144,-19.08438464305311,20.99243391202396,60.083755172918345,0.2953039136876276,292.76734726860457,2224.7129457209085,High,47.88015870638212,28.181174311871636,Normal,communal
Otjozondjupa,SITE_1145,-22.99562726179003,17.85722539825667,26.430267730265808,0.23002804588113654,779.9395603398389,848.7848182833106,Moderate,35.306289033974224,37.902385436334015,High,commercial
Erongo,SITE_1146,-20.807526890071106,11.67869772980907,32.6839028743466,0.6766594850238761,1721.1386865836844,1213.3290814157617,Moderate,29.658843195277875,39.106856001561475,High,conservancy
Kavango East,SITE_1147,-26.351926721790235,18.6263725027643,68.44737841016527,0.6060448999101926,1380.011744026309,3380.4975400193593,High,34.58690533985294,28.59839880427688,Normal,communal
Kavango West,SITE_1148,-17.703200972747855,12.975733362221696,62.37245879378045,0.5670331864987547,1887.5856201244458,992.4435893107838,Low,26.62579111579024,34.00083345211971,High,communal
Karas,SITE_1149,-19.853443094005804,16.623678338730855,76.73604955615859,0.6909301982633156,1736.6647603431186,4642.690829465003,Low,18.212074961402458,16.544371770605217,Normal,conservancy
Omusati,SITE_1150,-23.15999516360897,11.11189110709596,64.57264893119262,0.5569915636402061,1351.471804687272,4832.294265196782,Moderate,43.18304405643559,32.824224575413695,Normal,conservancy
Omusati,SITE_1151,-18.65598582143329,17.546446813301298,70.71707162463821,0.22670347166958765,639.2541975034228,1892.0811813900543,Severe,42.9731433164884,39.69969798642273,Normal,conservancy
Kavango East,SITE_1152,-20.926922390210898,19.243604884583227,22.822319890914926,0.6670793357137985,716.588498140965,2549.7310541074908,Severe,39.571475703346586,32.376771370285816,Normal,commercial
Oshikoto,SITE_1153,-19.42478203038167,17.629150886830654,31.74451124138321,0.2593312021201798,413.2725243854456,3878.5603110578004,Severe,24.42603105843829,37.019553620807685,High,commercial
Omusati,SITE_1154,-23.560852399031322,17.138342205985207,49.52452453681231,0.11902893518805349,711.1868017654017,4669.099258416034,Severe,44.76981189720307,27.830868303992876,Normal,communal
Erongo,SITE_1155,-21.4369690195938,11.524124572605507,68.48437088951604,0.5586986942744153,1473.5148987789696,2087.4727873569973,Severe,15.49051423894368,16.130504645480247,High,commercial
Omaheke,SITE_1156,-18.104151984169796,16.849696374110277,63.709648782562326,0.3716592711843132,1518.92453787108,1016.6532946517867,High,26.31348778250009,44.42770916213487,High,communal
Zambezi,SITE_1157,-17.268196787937683,15.058573490376318,51.59707115730131,0.13030173633079128,339.38451367759444,2991.5827114769513,Low,10.832514847631835,15.30106912382496,High,conservancy
Otjozondjupa,SITE_1158,-26.53996821888005,16.065162099514975,51.06548584545014,0.5340973615491007,555.6969427314739,4998.653172024773,Low,21.87485939177997,41.37271223372214,High,conservancy
Karas,SITE_1159,-23.565407384667303,11.925789694952197,70.62704661667405,0.5497260551188378,280.51845530333156,4112.9906529926875,High,24.813828635669463,11.448841498098666,Normal,conservancy
Karas,SITE_1160,-23.92203893560835,17.1259339641794,47.877520393920065,0.44743751553600053,235.8643465261402,3005.1663638333066,Low,46.689303252203125,23.896638384490096,Normal,commercial
Omusati,SITE_1161,-18.98809444744849,14.163524718207903,16.92570000635839,0.16705237802780754,1632.4900425361643,4703.920626676128,Moderate,41.384582909092416,14.451576987649684,Normal,communal
Kunene,SITE_1162,-26.751970074342143,20.136004770235445,61.715031776802256,0.34886877794393195,270.15200813821,4233.432869434044,High,22.718079142829442,19.13095871384994,Normal,communal
Omusati,SITE_1163,-18.41272440654587,18.27898953376551,36.51823887258407,0.16894118983998746,1644.1048656389278,3606.0616482747637,Severe,36.32306800681629,31.00924106364732,Normal,conservancy
Hardap,SITE_1164,-26.98865888681972,13.276197543788674,48.780457947669476,0.37856493598442253,1524.5871252030854,3459.9748530077422,Moderate,33.20141117966922,21.061286656312795,Normal,communal
Karas,SITE_1165,-20.19205701073378,11.597536259065926,44.47100013445795,0.6739612063832114,1180.3737077874694,586.7861467333638,Low,13.34142085545947,15.305953006386925,High,communal
Omaheke,SITE_1166,-19.188854072837028,11.304745069867288,67.9775611468428,0.21101981626376548,220.12417375325433,2771.2454862099175,Low,11.270466036276364,21.50629204267954,High,communal
Ohangwena,SITE_1167,-27.893577755313885,16.400947653688746,77.2345022912917,0.19169577572137442,1982.9071802595902,1822.0959710449456,Severe,40.32416119181898,24.22127451153257,Normal,communal
Omusati,SITE_1168,-23.43076659896489,12.93875748044897,35.095845640903306,0.3105509267734049,868.6548879374164,4530.71606933266,Severe,28.65400644041315,13.036559360663217,Normal,communal
Otjozondjupa,SITE_1169,-22.87219967303062,16.754794693745655,66.26455732495778,0.5439143225117118,1802.468612484042,711.891232257204,High,27.26582335056762,40.51375934222635,High,communal
Oshikoto,SITE_1170,-22.61691049065839,11.69385883295683,51.15305702545987,0.17760696976226178,631.9612321440219,2400.6508953752664,Low,28.18951124958623,34.576896454536104,High,commercial
Khomas,SITE_1171,-18.078777322358178,16.835109982513835,42.26685963169773,0.5272567228739222,320.1514798722318,4019.6086279612327,Severe,39.803468965324534,12.406210376705262,Normal,conservancy
Omusati,SITE_1172,-25.807269872424715,11.161391717996644,79.20733922632415,0.6082653460675641,1793.922390270073,789.6141369015481,Low,20.058240035854972,14.468945824658839,Normal,communal
Hardap,SITE_1173,-20.467757622100642,20.404877155752587,67.426194683523,0.28492054123072663,556.3655259897383,3980.051684142814,Severe,32.431987880633265,19.51099775579871,Normal,communal
Erongo,SITE_1174,-21.023482412901508,19.14443883517338,34.97388903432308,0.231365938152225,1122.78082016923,3818.0081446138515,High,31.293449094315655,37.86023571739848,High,communal
Erongo,SITE_1175,-22.926885586518033,12.495622828009923,66.62356940523958,0.47292747871834573,433.0350718740947,2931.768013227982,Moderate,5.281474385056289,14.981313404040927,High,commercial
Otjozondjupa,SITE_1176,-17.854926723636645,16.215403261471806,52.68458474186785,0.4395198101539568,257.7876683839153,3176.4398260453363,Moderate,14.310511979499207,42.586415321175956,High,conservancy
Ohangwena,SITE_1177,-24.131492011869042,19.9199048417225,72.04393765440372,0.16806028455346403,1069.9686437425523,3085.7561771855817,High,11.441638095268404,35.38249657591899,High,conservancy
Hardap,SITE_1178,-19.227087789962198,12.370501448457269,11.753929700152218,0.2972398868039501,1858.3625825384436,4300.606097161847,Severe,26.00438244174872,37.73872182362773,High,conservancy
Erongo,SITE_1179,-18.309311581222616,14.938000316583071,79.00751447701046,0.6463235049753542,643.4611497466509,2237.879902490332,Low,48.62131419697012,15.570459980149622,Normal,conservancy
Kavango East,SITE_1180,-24.764235249656473,20.005197200700486,34.30083291525685,0.5372285487734692,1516.3167013045095,4853.413787053219,High,18.43758775803164,25.476507232863774,High,commercial
Oshana,SITE_1181,-24.58866763991491,19.869500070804435,18.663952675421967,0.5592055934284955,157.11593707096463,716.1347678342844,High,32.6892640146798,32.51581475417787,Normal,conservancy
Oshikoto,SITE_1182,-22.56154465505768,13.847367422792992,39.147850361242575,0.24647609942411663,970.2885126276253,1228.5461326251097,Moderate,38.55165681260225,38.64075548185039,High,conservancy
Karas,SITE_1183,-26.813525778449783,15.034892672476014,40.12104020005897,0.44320578089502394,1279.9771920280928,1535.3268307754204,High,18.72522054088406,33.500916533933676,High,commercial
Otjozondjupa,SITE_1184,-23.402901758157082,13.08694551710798,61.30119468035021,0.656054103219599,1483.8502911513033,2750.732572006731,Moderate,33.06472138734343,18.140372276714288,Normal,conservancy
Hardap,SITE_1185,-24.374283390742526,15.779819104075854,26.73363101771194,0.4633072133590861,735.6608445247964,1141.167262178931,Low,27.157543070568142,22.257216848094338,Normal,communal
Hardap,SITE_1186,-17.025525711481095,18.278544832343982,16.909935024662012,0.5099986985491661,1018.9829371651247,2269.813996359492,Moderate,31.65282150161576,24.069075116493583,Normal,communal
Kavango West,SITE_1187,-21.884471274816324,20.91187626203326,18.84564605974049,0.5693401945353777,952.6555634038202,1162.6853898795844,Severe,20.30522841226511,27.997824987320506,High,conservancy
Oshana,SITE_1188,-24.667505342233056,12.611368660451804,58.62324202335407,0.505792225339049,1720.8203580144095,1401.096207199276,Low,29.291045977713853,24.26287825780188,Normal,communal
Hardap,SITE_1189,-26.041002056665217,16.78604194516553,14.92514364333747,0.6466078194816005,1603.4893631432396,3371.4306441297967,High,44.261112117448114,33.07466705605354,Normal,conservancy
Karas,SITE_1190,-26.98742697627099,17.58114373167728,60.162238824422666,0.2927522041774221,1708.3543193904404,2251.399583807375,Low,44.79980105711077,40.12579068842393,Normal,conservancy
Khomas,SITE_1191,-25.164241225637628,17.129031740096384,59.288116883783054,0.514433262135962,1305.4409705409137,1499.5494276553563,Low,6.016151490205116,11.342640188670638,High,commercial
Kavango East,SITE_1192,-20.915847482632827,19.779110937817578,22.256870007712863,0.2940368574062962,165.14826475364188,973.186705095877,Low,9.368258711138367,21.63289721486136,High,communal
Zambezi,SITE_1193,-19.096193789066053,20.469986602823376,17.411479343346237,0.16903478801755084,965.1307473297383,3719.105340924897,High,49.34174894510289,15.074099188361851,Normal,conservancy
Hardap,SITE_1194,-19.61622040429996,20.8269105141848,43.475977681333255,0.1294833393140676,1871.2685730495496,533.3875100054129,Moderate,38.111354960394735,42.03108383288192,High,conservancy
Oshana,SITE_1195,-19.357566065719514,11.797467627786023,43.35080424138969,0.5052416688318521,1595.1540407287653,3174.022522810787,Low,40.77320066712879,20.793821027362643,Normal,conservancy
Oshana,SITE_1196,-17.687138154099163,15.76408581691193,50.13422727306149,0.3532167578633595,1929.9899338100445,698.2241306947154,Severe,36.067647883083495,11.845953179032973,Normal,commercial
Hardap,SITE_1197,-19.667220758392812,16.757606973157667,36.739791852965816,0.3233367376188998,1650.40468508793,4619.602159968261,Low,21.59347865003985,18.35564571453506,Normal,conservancy
Kunene,SITE_1198,-23.605190080956127,16.509647070932942,44.77853782622513,0.5936639126819447,1601.6377359214325,2463.171577049151,High,40.40459492097224,25.71154065186772,Normal,commercial
Zambezi,SITE_1199,-17.69969411789056,18.094642689207078,71.78195912876888,0.47996687921982695,273.3496327389744,3593.2470689584957,High,30.295723063359397,16.811861275165032,Normal,commercial
